words,count
я,"205
"
россия,"121
"
лекция,"88
"
митинг,"69
"
государство,"69
"
написать,"67
"
хороший,"66
"
нужно,"66
"
хотеть,"63
"
просто,"57
"
против,"57
"
свой,"56
"
страна,"54
"
право,"53
"
дело,"52
"
именно,"51
"
новый,"50
"
наш,"49
"
мочь,"43
"
история,"43
"
большой,"42
"
видео,"42
"
москва,"42
"
свобода,"40
"
власть,"39
"
спасибо,"38
"
делать,"38
"
время,"38
"
пока,"38
"
дебаты,"37
"
говорить,"37
"
работать,"36
"
мы,"36
"
путин,"36
"
день,"36
"
почему,"35
"
деньга,"35
"
друг,"34
"
думать,"34
"
дать,"33
"
поговорить,"33
"
писать,"33
"
закон,"33
"
русский,"32
"
новое,"32
"
рассказать,"31
"
сделать,"31
"
понимать,"31
"
мир,"31
"
смотреть,"31
"
знать,"31
"
должный,"30
"
народ,"30
"
полицейский,"30
"
площадка,"29
"
прочитать,"29
"
читать,"28
"
эфир,"28
"
любить,"28
"
город,"27
"
жить,"27
"
стрим,"27
"
каждый,"27
"
путинский,"27
"
рассказывать,"27
"
существовать,"27
"
статья,"27
"
выйти,"26
"
суд,"26
"
фильм,"26
"
понять,"26
"
государственный,"26
"
никакой,"26
"
начать,"26
"
задержать,"26
"
огромный,"25
"
приходить,"25
"
вопрос,"25
"
собственный,"25
"
её,"25
"
зал,"25
"
иметь,"24
"
пройти,"24
"
место,"24
"
текст,"24
"
разумеется,"23
"
посмотреть,"23
"
давать,"23
"
улица,"23
"
выбор,"22
"
начаться,"22
"
отношение,"22
"
война,"22
"
ждать,"22
"
либо,"22
"
либертарианство,"22
"
твит,"22
"
минута,"21
"
политический,"21
"
комментарий,"21
"
выступать,"21
"
поэтому,"21
"
ваш,"21
"
важный,"21
"
последний,"21
"
люстрация,"21
"
слово,"21
"
несколько,"21
"
чтоть,"20
"
очередной,"20
"
навальный,"20
"
дом,"20
"
прислать,"20
"
бывать,"20
"
сторона,"20
"
интервью,"20
"
стать,"20
"
налог,"20
"
обыск,"19
"
ахахах,"19
"
интересно,"19
"
защищать,"19
"
провести,"19
"
единственный,"19
"
месяц,"19
"
частный,"19
"
помощь,"19
"
либерал,"19
"
смешной,"19
"
интересный,"19
"
полиция,"18
"
идти,"18
"
интернет,"18
"
япония,"18
"
число,"18
"
назад,"18
"
кстати,"18
"
никто,"18
"
происходить,"18
"
стоить,"18
"
организовать,"18
"
любой,"18
"
приезжать,"18
"
уметь,"18
"
пытаться,"18
"
давно,"18
"
запретить,"18
"
правильно,"18
"
мент,"18
"
петербург,"18
"
завтра,"17
"
найти,"17
"
рука,"17
"
новость,"17
"
момент,"17
"
канал,"17
"
простой,"17
"
проблема,"17
"
обязать,"17
"
арест,"16
"
тур,"16
"
либертарианец,"16
"
остаться,"16
"
попасть,"16
"
разговор,"16
"
супер,"16
"
победить,"16
"
обязательно,"16
"
умный,"16
"
факт,"16
"
получиться,"16
"
рынок,"16
"
обсуждать,"16
"
ребёнок,"16
"
сергей,"16
"
группа,"15
"
вчера,"15
"
круто,"15
"
сидеть,"15
"
левый,"15
"
сми,"15
"
помнить,"15
"
самолёт,"15
"
нужный,"15
"
марш,"15
"
плохой,"15
"
общество,"15
"
голунов,"15
"
полный,"15
"
прийти,"15
"
прямо,"15
"
твой,"15
"
значит,"15
"
запрещать,"15
"
случай,"15
"
кроме,"15
"
либертарианский,"15
"
илья,"15
"
вечеринка,"14
"
мэрия,"14
"
сцена,"14
"
работа,"14
"
речь,"14
"
нормальный,"14
"
сразу,"14
"
записать,"14
"
пример,"14
"
видеть,"14
"
держать,"14
"
девушка,"14
"
якобы,"14
"
обсудить,"14
"
научиться,"14
"
изз,"14
"
запрет,"14
"
совершенно,"14
"
ничто,"14
"
главный,"14
"
скоро,"13
"
лицо,"13
"
вход,"13
"
код,"13
"
номенклатура,"13
"
страшный,"13
"
плата,"13
"
список,"13
"
правый,"13
"
становиться,"13
"
назвать,"13
"
оказаться,"13
"
запись,"13
"
норма,"13
"
похоже,"13
"
левак,"13
"
ктоть,"13
"
форма,"13
"
произойти,"13
"
женщина,"13
"
нравиться,"13
"
слишком,"13
"
получить,"13
"
сша,"13
"
отличать,"13
"
свободный,"13
"
решить,"13
"
хотя,"13
"
ранний,"13
"
дурак,"13
"
партия,"13
"
крутой,"12
"
член,"12
"
бойко,"12
"
политика,"12
"
гораздо,"12
"
час,"12
"
действительно,"12
"
бороться,"12
"
личный,"12
"
пропустить,"12
"
пост,"12
"
снова,"12
"
бог,"12
"
готовый,"12
"
точно,"12
"
принять,"12
"
брать,"12
"
советский,"12
"
прийтись,"12
"
скорее,"12
"
просить,"12
"
враг,"12
"
собственность,"12
"
прямая,"12
"
лпр,"12
"
кошмар,"11
"
рыночный,"11
"
ум,"11
"
камера,"11
"
бояться,"11
"
жертва,"11
"
мало,"11
"
земля,"11
"
европа,"11
"
пользоваться,"11
"
имя,"11
"
начинать,"11
"
режим,"11
"
разный,"11
"
буквально,"11
"
угодный,"11
"
первое,"11
"
ссылка,"11
"
какаять,"11
"
мнение,"11
"
з,"11
"
вместо,"11
"
революция,"10
"
кандидат,"10
"
голосование,"10
"
организатор,"10
"
удаться,"10
"
приехать,"10
"
оно,"10
"
чтение,"10
"
миллион,"10
"
сходить,"10
"
московский,"10
"
спрашивать,"10
"
журналист,"10
"
будущее,"10
"
отказаться,"10
"
фотография,"10
"
говорят,"10
"
прошлый,"10
"
местный,"10
"
причём,"10
"
срок,"10
"
искусство,"10
"
контекст,"10
"
выложить,"10
"
иначе,"10
"
тысяча,"10
"
феминистка,"10
"
надеяться,"10
"
живой,"10
"
алексей,"10
"
выглядеть,"10
"
заниматься,"10
"
обычный,"10
"
залина,"10
"
президент,"10
"
называть,"10
"
автор,"10
"
разница,"10
"
пускать,"10
"
принцип,"10
"
половина,"10
"
смочь,"10
"
вид,"10
"
выбирать,"10
"
эхо,"10
"
ходить,"10
"
отказываться,"10
"
проходить,"10
"
вроде,"10
"
массовый,"10
"
изоляция,"9
"
почта,"9
"
царь,"9
"
репрессия,"9
"
труд,"9
"
тверская,"9
"
сутки,"9
"
беспредел,"9
"
сахаров,"9
"
неделя,"9
"
слиться,"9
"
снять,"9
"
спасти,"9
"
преступление,"9
"
крепостной,"9
"
договор,"9
"
телефон,"9
"
жуков,"9
"
худой,"9
"
тема,"9
"
социализм,"9
"
статистика,"9
"
частное,"9
"
следить,"9
"
прошлое,"9
"
украина,"9
"
десять,"9
"
яркий,"9
"
заметить,"9
"
идея,"9
"
исторический,"9
"
красивый,"9
"
поверить,"9
"
рыночка,"9
"
дубай,"9
"
достаточно,"9
"
жизнь,"9
"
внимание,"9
"
общий,"9
"
испытывать,"9
"
здоровый,"9
"
коммунист,"9
"
судить,"9
"
гражданин,"9
"
забыть,"9
"
жёлтый,"9
"
кино,"9
"
отличный,"9
"
выход,"9
"
появиться,"9
"
представлять,"9
"
впервые,"9
"
центр,"9
"
дорогой,"9
"
репрессивный,"9
"
владелец,"9
"
предлагать,"9
"
понятно,"9
"
плохо,"9
"
служба,"9
"
пора,"9
"
учить,"9
"
вещий,"9
"
люба,"9
"
мероприятие,"9
"
ошибка,"9
"
рунет,"8
"
откуда,"8
"
выходить,"8
"
независимый,"8
"
согласовать,"8
"
регистрация,"8
"
реформа,"8
"
варламов,"8
"
чиновник,"8
"
егор,"8
"
ребята,"8
"
нести,"8
"
воровать,"8
"
демократия,"8
"
большинство,"8
"
результат,"8
"
сообщать,"8
"
ужас,"8
"
возможно,"8
"
квартира,"8
"
ответить,"8
"
оставить,"8
"
находиться,"8
"
гдеть,"8
"
напомнить,"8
"
конец,"8
"
позвать,"8
"
бедный,"8
"
дождь,"8
"
площадь,"8
"
товарищ,"8
"
следующий,"8
"
образ,"8
"
напоминать,"8
"
правило,"8
"
совет,"8
"
вместе,"8
"
б,"8
"
проведение,"8
"
говно,"8
"
часть,"8
"
помочь,"8
"
американец,"8
"
рад,"8
"
показать,"8
"
рамка,"8
"
разговаривать,"8
"
мысль,"8
"
возвращаться,"8
"
далёкий,"8
"
максимально,"8
"
настолько,"8
"
насколько,"8
"
узнать,"8
"
западный,"8
"
орать,"8
"
равно,"8
"
борьба,"8
"
глупость,"8
"
национальный,"8
"
терпеть,"8
"
платить,"8
"
рождение,"8
"
конференция,"8
"
мадурый,"7
"
соня,"7
"
ламповый,"7
"
геноцид,"7
"
виноватый,"7
"
спецприёмник,"7
"
сойти,"7
"
мосгордума,"7
"
архангельск,"7
"
какиеть,"7
"
невозможно,"7
"
средство,"7
"
провокатор,"7
"
институт,"7
"
урод,"7
"
смысл,"7
"
любовь,"7
"
количество,"7
"
поддержка,"7
"
флаг,"7
"
позиция,"7
"
политик,"7
"
довести,"7
"
хоппа,"7
"
уголовный,"7
"
книга,"7
"
прямой,"7
"
здание,"7
"
напротив,"7
"
смешно,"7
"
маленький,"7
"
метр,"7
"
девяносто,"7
"
брат,"7
"
шутка,"7
"
ролик,"7
"
успеть,"7
"
равный,"7
"
решать,"7
"
часы,"7
"
хотеться,"7
"
сто,"7
"
игра,"7
"
ответ,"7
"
отвечать,"7
"
бандит,"7
"
сила,"7
"
придумать,"7
"
собирать,"7
"
подключаться,"7
"
смерть,"7
"
ютуба,"7
"
снимать,"7
"
остальной,"7
"
ой,"7
"
ассоциация,"7
"
тезис,"7
"
слушать,"7
"
нуждаться,"7
"
уверенный,"7
"
считать,"7
"
оружие,"7
"
путинизм,"7
"
газета,"7
"
больший,"7
"
причина,"7
"
сайт,"7
"
специально,"7
"
толпа,"7
"
интерес,"7
"
согласный,"7
"
выступить,"7
"
федеральный,"7
"
позволять,"7
"
приговор,"7
"
продолжать,"7
"
роль,"7
"
явление,"7
"
дискриминация,"7
"
девочка,"7
"
венесуэла,"7
"
р,"7
"
заставить,"7
"
российский,"7
"
монополия,"7
"
сначала,"7
"
вокруг,"7
"
угроза,"7
"
называться,"7
"
молодец,"7
"
адрес,"7
"
начинаться,"7
"
шар,"6
"
посылка,"6
"
май,"6
"
екатеринбург,"6
"
урбанист,"6
"
париж,"6
"
зарабатывать,"6
"
кремлёвский,"6
"
построить,"6
"
домашний,"6
"
купить,"6
"
принимать,"6
"
никулин,"6
"
иван,"6
"
собянинский,"6
"
ради,"6
"
отказ,"6
"
тула,"6
"
попытка,"6
"
вернуть,"6
"
ровно,"6
"
репутация,"6
"
йошкарола,"6
"
депутат,"6
"
регистрироваться,"6
"
добиться,"6
"
анонс,"6
"
уфа,"6
"
бывший,"6
"
новосибирск,"6
"
светов,"6
"
ложь,"6
"
общественный,"6
"
швейцария,"6
"
единый,"6
"
выгодно,"6
"
выгодный,"6
"
евгений,"6
"
необходимый,"6
"
везде,"6
"
ада,"6
"
дверь,"6
"
искать,"6
"
утром,"6
"
пр,"6
"
передавать,"6
"
избивать,"6
"
шутить,"6
"
счёт,"6
"
американский,"6
"
чувак,"6
"
кома,"6
"
цель,"6
"
современный,"6
"
благодаря,"6
"
добровольный,"6
"
дурачок,"6
"
красота,"6
"
безопасность,"6
"
убийство,"6
"
ночь,"6
"
остановить,"6
"
сотрудник,"6
"
легко,"6
"
гражданский,"6
"
итог,"6
"
стоять,"6
"
желать,"6
"
культурный,"6
"
середина,"6
"
шоу,"6
"
ужасно,"6
"
аааа,"6
"
уничтожать,"6
"
тред,"6
"
ненавидеть,"6
"
заработать,"6
"
послушать,"6
"
общаться,"6
"
иностранный,"6
"
господь,"6
"
реальный,"6
"
твиттер,"6
"
условный,"6
"
продукт,"6
"
зло,"6
"
вкус,"6
"
голосовать,"6
"
возможный,"6
"
заявка,"6
"
чечня,"6
"
успешный,"6
"
го,"6
"
мешать,"6
"
произвол,"6
"
пиздец,"6
"
согласиться,"6
"
играть,"6
"
культура,"6
"
быстро,"6
"
паника,"6
"
когданибудь,"6
"
событие,"6
"
стерлигов,"6
"
агрессор,"6
"
либеральный,"6
"
относиться,"6
"
видно,"6
"
чт,"6
"
верить,"6
"
ктонибыть,"6
"
соловей,"6
"
конституция,"6
"
штат,"6
"
источник,"6
"
способ,"6
"
пришлый,"6
"
небольшой,"6
"
стараться,"6
"
очередь,"6
"
советовать,"6
"
телеграм,"6
"
столько,"6
"
трамп,"6
"
радоваться,"6
"
уважать,"6
"
зато,"6
"
экономика,"6
"
гость,"6
"
павел,"6
"
свтво,"6
"
февраль,"6
"
ряд,"6
"
магазин,"6
"
постоянно,"6
"
фон,"6
"
слышать,"6
"
глаз,"6
"
перепутать,"6
"
приходиться,"6
"
защита,"6
"
перестать,"6
"
вести,"6
"
часто,"6
"
простить,"6
"
днём,"6
"
силовик,"6
"
собираться,"6
"
рассчитывать,"6
"
активист,"6
"
пустить,"5
"
собор,"5
"
век,"5
"
сценарий,"5
"
церковь,"5
"
федеративный,"5
"
билет,"5
"
социалист,"5
"
реально,"5
"
какойтый,"5
"
звать,"5
"
июнь,"5
"
погибнуть,"5
"
зеленский,"5
"
поехать,"5
"
трансляция,"5
"
скандировать,"5
"
охватить,"5
"
вор,"5
"
пять,"5
"
совесть,"5
"
както,"5
"
роман,"5
"
памфилов,"5
"
элла,"5
"
безопасный,"5
"
соболь,"5
"
объявить,"5
"
верно,"5
"
прошедшее,"5
"
войти,"5
"
задержание,"5
"
привилегия,"5
"
пространство,"5
"
немного,"5
"
экономист,"5
"
орёл,"5
"
сорвать,"5
"
проспект,"5
"
сентябрь,"5
"
запустить,"5
"
выступление,"5
"
вечер,"5
"
синица,"5
"
условие,"5
"
северный,"5
"
странный,"5
"
шейминг,"5
"
позвонить,"5
"
выпустить,"5
"
территория,"5
"
уходить,"5
"
почитать,"5
"
аккаунт,"5
"
вокзал,"5
"
собственник,"5
"
евросовка,"5
"
совершить,"5
"
монтаж,"5
"
тусовочек,"5
"
иркутск,"5
"
кот,"5
"
добро,"5
"
реплика,"5
"
венедиктов,"5
"
акция,"5
"
путь,"5
"
медуза,"5
"
емельянов,"5
"
азар,"5
"
голова,"5
"
показывать,"5
"
адвокат,"5
"
трагедия,"5
"
попросить,"5
"
комитет,"5
"
вызвать,"5
"
являться,"5
"
полномочие,"5
"
туда,"5
"
банан,"5
"
вынужденный,"5
"
костин,"5
"
метод,"5
"
изъять,"5
"
вымирать,"5
"
макрон,"5
"
глава,"5
"
трудовой,"5
"
преследование,"5
"
настоящий,"5
"
завести,"5
"
создавать,"5
"
карточка,"5
"
аэропорт,"5
"
свет,"5
"
глупый,"5
"
потрясать,"5
"
вспоминать,"5
"
угрожать,"5
"
омск,"5
"
аниме,"5
"
связь,"5
"
выяснять,"5
"
удалить,"5
"
касаться,"5
"
иллюстрация,"5
"
ерунда,"5
"
класс,"5
"
перераспределение,"5
"
удовольствие,"5
"
прекрасно,"5
"
мировой,"5
"
окончательно,"5
"
тюрьма,"5
"
сравнивать,"5
"
поставить,"5
"
уровень,"5
"
поддерживать,"5
"
свидетель,"5
"
судья,"5
"
учиться,"5
"
патрон,"5
"
значительно,"5
"
опубликовать,"5
"
сообщение,"5
"
аудитория,"5
"
правда,"5
"
потрясающе,"5
"
полностью,"5
"
забывать,"5
"
довольно,"5
"
второе,"5
"
кафе,"5
"
пережить,"5
"
точка,"5
"
начало,"5
"
любимый,"5
"
обещать,"5
"
обнаружить,"5
"
сомневаться,"5
"
объяснить,"5
"
пусть,"5
"
конкретный,"5
"
диктатура,"5
"
захватить,"5
"
выдавать,"5
"
твиттереть,"5
"
обратить,"5
"
ниже,"5
"
пара,"5
"
сопротивляться,"5
"
организация,"5
"
лишить,"5
"
голов,"5
"
внутренний,"5
"
лично,"5
"
разобраться,"5
"
целое,"5
"
спорить,"5
"
демократ,"5
"
например,"5
"
вино,"5
"
победа,"5
"
срочно,"5
"
союз,"5
"
жуткий,"5
"
выборы,"5
"
мужчина,"5
"
студия,"5
"
моральный,"5
"
родина,"5
"
семья,"5
"
андрей,"5
"
поступок,"5
"
конкуренция,"5
"
великобритания,"5
"
отбить,"5
"
объяснять,"5
"
честно,"5
"
котик,"5
"
поведение,"5
"
сказка,"5
"
отказывать,"5
"
собчак,"5
"
счастливый,"5
"
письмо,"5
"
автозак,"5
"
повод,"5
"
успех,"5
"
триер,"4
"
магнитогорск,"4
"
психопат,"4
"
привыкнуть,"4
"
госдума,"4
"
огонь,"4
"
расцвет,"4
"
хроника,"4
"
цена,"4
"
доступный,"4
"
игрок,"4
"
эксперимент,"4
"
автомобиль,"4
"
опасный,"4
"
крыша,"4
"
еврей,"4
"
формулировка,"4
"
консервативный,"4
"
жалко,"4
"
тёплый,"4
"
дракон,"4
"
прикольный,"4
"
тг,"4
"
порешать,"4
"
память,"4
"
анархист,"4
"
ном,"4
"
франция,"4
"
клубный,"4
"
третье,"4
"
лев,"4
"
фото,"4
"
классный,"4
"
использовать,"4
"
ездить,"4
"
социальный,"4
"
намекать,"4
"
наркотический,"4
"
ура,"4
"
честной,"4
"
пожар,"4
"
законно,"4
"
миллиард,"4
"
росгвардия,"4
"
кровь,"4
"
бить,"4
"
гнать,"4
"
переговоры,"4
"
гореть,"4
"
протест,"4
"
александр,"4
"
ругаться,"4
"
миша,"4
"
дух,"4
"
альтернативный,"4
"
чувство,"4
"
пытка,"4
"
стратегия,"4
"
нападать,"4
"
паша,"4
"
воздушный,"4
"
повторяться,"4
"
информация,"4
"
отличаться,"4
"
вводить,"4
"
избирательный,"4
"
фальсификация,"4
"
биткоина,"4
"
нарисовать,"4
"
насилие,"4
"
бесплатный,"4
"
прогресс,"4
"
четыре,"4
"
объяснение,"4
"
случайный,"4
"
помещение,"4
"
проверить,"4
"
зампред,"4
"
попытаться,"4
"
пропагандон,"4
"
справедливость,"4
"
добавить,"4
"
собянин,"4
"
ул,"4
"
несмотря,"4
"
казань,"4
"
сумасшедший,"4
"
пообщаться,"4
"
приятно,"4
"
хватить,"4
"
дорога,"4
"
ааааа,"4
"
лицемерие,"4
"
борт,"4
"
сложиться,"4
"
ситуация,"4
"
создать,"4
"
измениться,"4
"
отменить,"4
"
требовать,"4
"
людоедский,"4
"
секретарить,"4
"
народный,"4
"
михаил,"4
"
энергия,"4
"
ня,"4
"
сгореть,"4
"
движение,"4
"
допрос,"4
"
оппозиция,"4
"
одновременно,"4
"
реплай,"4
"
ночной,"4
"
интересовать,"4
"
дмитрий,"4
"
поскрести,"4
"
еда,"4
"
риа,"4
"
захотеть,"4
"
пропагандистский,"4
"
принципиально,"4
"
совковый,"4
"
ахахахах,"4
"
зелёный,"4
"
школа,"4
"
касамар,"4
"
убийца,"4
"
расследование,"4
"
председатель,"4
"
техника,"4
"
реальность,"4
"
признать,"4
"
литр,"4
"
абсолютно,"4
"
штраф,"4
"
требоваться,"4
"
действие,"4
"
привет,"4
"
лесной,"4
"
виновный,"4
"
положение,"4
"
возникнуть,"4
"
лента,"4
"
стена,"4
"
крипта,"4
"
руина,"4
"
удивляться,"4
"
доход,"4
"
скандал,"4
"
расти,"4
"
типичный,"4
"
нечего,"4
"
мор,"4
"
семь,"4
"
альтернатива,"4
"
окей,"4
"
масса,"4
"
записывать,"4
"
позорище,"4
"
переживать,"4
"
этап,"4
"
виар,"4
"
помогать,"4
"
террорист,"4
"
сажать,"4
"
компания,"4
"
заявление,"4
"
кремль,"4
"
случиться,"4
"
готовиться,"4
"
знак,"4
"
номер,"4
"
утро,"4
"
фбк,"4
"
зря,"4
"
увы,"4
"
звучать,"4
"
счастие,"4
"
выносить,"4
"
однозначно,"4
"
сюда,"4
"
хватать,"4
"
сесть,"4
"
держаться,"4
"
эпоха,"4
"
нулевой,"4
"
утверждать,"4
"
боль,"4
"
исламский,"4
"
договориться,"4
"
подумать,"4
"
гонконг,"4
"
октябрь,"4
"
длинный,"4
"
готовить,"4
"
подобный,"4
"
планировать,"4
"
прожить,"4
"
карман,"4
"
коммунизм,"4
"
строить,"4
"
детство,"4
"
холодный,"4
"
странно,"4
"
федерация,"4
"
браться,"4
"
ближний,"4
"
ресурс,"4
"
подтверждать,"4
"
ислам,"4
"
сложить,"4
"
кадыров,"4
"
возвращение,"4
"
действующий,"4
"
делаться,"4
"
опыт,"4
"
ценный,"4
"
прибыль,"4
"
курс,"4
"
звук,"4
"
редко,"4
"
вирджиния,"4
"
вертолёт,"4
"
хохотать,"4
"
многие,"4
"
заседание,"4
"
принадлежать,"4
"
уйти,"4
"
лгбт,"4
"
отвращение,"4
"
понимание,"4
"
санкция,"4
"
практика,"4
"
страдать,"4
"
приличный,"4
"
сломать,"4
"
аргумент,"4
"
вопервое,"4
"
сей,"4
"
валерий,"4
"
задавать,"4
"
воля,"4
"
сторонник,"4
"
защитить,"4
"
инструмент,"4
"
подать,"4
"
научный,"4
"
сорянин,"4
"
иса,"4
"
европейский,"4
"
помоему,"4
"
послать,"4
"
шикарный,"4
"
татуировка,"4
"
ок,"4
"
заговор,"4
"
теория,"4
"
екатерина,"4
"
житель,"4
"
дорого,"4
"
контрактный,"4
"
целиком,"4
"
этатизм,"4
"
образование,"4
"
поспорить,"4
"
помимо,"4
"
офигенный,"4
"
лечиться,"4
"
наука,"4
"
доктор,"4
"
продавать,"4
"
эт,"4
"
ценность,"4
"
директ,"4
"
подонок,"4
"
слабый,"4
"
правительство,"4
"
справиться,"4
"
гитлер,"4
"
ф,"4
"
приводить,"4
"
подряд,"4
"
параграф,"4
"
открывать,"4
"
агрессивный,"4
"
система,"4
"
кабинет,"4
"
белый,"4
"
посадить,"4
"
отбирать,"4
"
особенно,"4
"
чужое,"4
"
стыдно,"4
"
машина,"4
"
пасти,"4
"
забыться,"3
"
приниматься,"3
"
далеко,"3
"
маска,"3
"
прочий,"3
"
животное,"3
"
вегана,"3
"
петиция,"3
"
самар,"3
"
пропаганда,"3
"
караульный,"3
"
терроризм,"3
"
умудриться,"3
"
оплачивать,"3
"
архив,"3
"
понравиться,"3
"
лёня,"3
"
панк,"3
"
абызов,"3
"
тянуть,"3
"
приказ,"3
"
выпускать,"3
"
деревня,"3
"
шпиль,"3
"
видимость,"3
"
варвара,"3
"
рэнд,"3
"
айн,"3
"
изолировать,"3
"
апрель,"3
"
старперский,"3
"
смоленск,"3
"
собрать,"3
"
храм,"3
"
кулич,"3
"
децентрализовать,"3
"
аппарат,"3
"
сообща,"3
"
покупать,"3
"
корея,"3
"
коготь,"3
"
конкурировать,"3
"
боинг,"3
"
суперджет,"3
"
летать,"3
"
гтэс,"3
"
аэс,"3
"
солнечный,"3
"
развести,"3
"
мудаки,"3
"
отправить,"3
"
торговать,"3
"
кремлядь,"3
"
донос,"3
"
регламент,"3
"
присылать,"3
"
облава,"3
"
ингушетия,"3
"
земельный,"3
"
зависеть,"3
"
представить,"3
"
тест,"3
"
съёмка,"3
"
трудно,"3
"
герой,"3
"
вуз,"3
"
беда,"3
"
мёртвый,"3
"
голод,"3
"
ставить,"3
"
большевик,"3
"
равняться,"3
"
отличие,"3
"
тольк,"3
"
фоточка,"3
"
запомнить,"3
"
погода,"3
"
наркотик,"3
"
кокаин,"3
"
получаться,"3
"
немцов,"3
"
премия,"3
"
эволюция,"3
"
шульман,"3
"
дешёвый,"3
"
занимать,"3
"
участие,"3
"
выпуск,"3
"
ага,"3
"
сотня,"3
"
каспаров,"3
"
качественно,"3
"
дельфин,"3
"
симптом,"3
"
украинец,"3
"
фо,"3
"
ра,"3
"
порошенко,"3
"
откупиться,"3
"
признак,"3
"
сложно,"3
"
опечататься,"3
"
позор,"3
"
нога,"3
"
район,"3
"
осуждение,"3
"
поколение,"3
"
материал,"3
"
отнимать,"3
"
свисток,"3
"
подходить,"3
"
счётчик,"3
"
инстагра,"3
"
скрывать,"3
"
арестовать,"3
"
область,"3
"
москвич,"3
"
публичный,"3
"
особый,"3
"
непонятный,"3
"
музыка,"3
"
наз,"3
"
знаете,"3
"
спасать,"3
"
технический,"3
"
шкура,"3
"
рабочий,"3
"
правовой,"3
"
подписчик,"3
"
олигарх,"3
"
ходорковский,"3
"
строй,"3
"
везти,"3
"
выражение,"3
"
лондон,"3
"
мусор,"3
"
владислав,"3
"
ублюдок,"3
"
пу,"3
"
юнеман,"3
"
международный,"3
"
преступник,"3
"
август,"3
"
обеспечить,"3
"
журнал,"3
"
редактор,"3
"
участок,"3
"
заполнить,"3
"
отсидка,"3
"
схватить,"3
"
наблюдатель,"3
"
распространение,"3
"
особо,"3
"
украсть,"3
"
муниципальный,"3
"
протокол,"3
"
калининград,"3
"
свалить,"3
"
способный,"3
"
здорово,"3
"
пожарный,"3
"
нян,"3
"
острый,"3
"
елена,"3
"
южный,"3
"
владимир,"3
"
задерживать,"3
"
корректно,"3
"
знакомый,"3
"
дата,"3
"
проект,"3
"
бумажка,"3
"
стен,"3
"
ле,"3
"
долго,"3
"
врубить,"3
"
требование,"3
"
поймать,"3
"
ловить,"3
"
чемезов,"3
"
освобождение,"3
"
рассматривать,"3
"
эксперт,"3
"
приятный,"3
"
какимтый,"3
"
ужин,"3
"
передача,"3
"
ход,"3
"
строгий,"3
"
крупный,"3
"
волгоград,"3
"
центральный,"3
"
обычно,"3
"
доказательство,"3
"
астрахань,"3
"
привести,"3
"
предварительно,"3
"
оправдывать,"3
"
удар,"3
"
сломаться,"3
"
репортаж,"3
"
любопытно,"3
"
официальный,"3
"
дк,"3
"
чело,"3
"
экономический,"3
"
рентв,"3
"
ск,"3
"
клетка,"3
"
парень,"3
"
прятать,"3
"
караулить,"3
"
давность,"3
"
инстаграм,"3
"
вчерашний,"3
"
дача,"3
"
миф,"3
"
ужинать,"3
"
наблюдать,"3
"
читатель,"3
"
бедность,"3
"
создаваться,"3
"
ехать,"3
"
добродетель,"3
"
госуд,"3
"
вовторое,"3
"
заключать,"3
"
ракурс,"3
"
слава,"3
"
бросить,"3
"
финансовый,"3
"
вряд,"3
"
неожиданно,"3
"
разрушать,"3
"
ненависть,"3
"
обратно,"3
"
вырвать,"3
"
прыгать,"3
"
транслировать,"3
"
серьёзно,"3
"
урбанизм,"3
"
публикация,"3
"
зоозащитник,"3
"
спрос,"3
"
вынести,"3
"
превращать,"3
"
оказываться,"3
"
решение,"3
"
вывести,"3
"
шлегель,"3
"
регион,"3
"
спать,"3
"
ломиться,"3
"
грозиться,"3
"
продолжаться,"3
"
ааааааааааа,"3
"
страшно,"3
"
пресса,"3
"
шесть,"3
"
мразь,"3
"
довольный,"3
"
условно,"3
"
обвинение,"3
"
специальный,"3
"
менять,"3
"
проводить,"3
"
следственный,"3
"
наказать,"3
"
ладный,"3
"
корпорация,"3
"
общественность,"3
"
налоговый,"3
"
продажа,"3
"
продать,"3
"
легализация,"3
"
бизнес,"3
"
действовать,"3
"
разорить,"3
"
нанести,"3
"
фонд,"3
"
содержание,"3
"
пальто,"3
"
закончить,"3
"
фашизм,"3
"
померещиться,"3
"
документ,"3
"
штука,"3
"
размножаться,"3
"
даниил,"3
"
фигурант,"3
"
евроскептик,"3
"
предполагать,"3
"
сюжет,"3
"
германия,"3
"
порвать,"3
"
подъезд,"3
"
технология,"3
"
население,"3
"
театр,"3
"
теракт,"3
"
всётаки,"3
"
запрос,"3
"
встречать,"3
"
передать,"3
"
страница,"3
"
процесс,"3
"
руслан,"3
"
преступный,"3
"
росгвардеец,"3
"
удивить,"3
"
забор,"3
"
план,"3
"
подвести,"3
"
сравнение,"3
"
пойти,"3
"
встреча,"3
"
бесконечно,"3
"
гулять,"3
"
разучиться,"3
"
пересекаться,"3
"
литература,"3
"
японец,"3
"
конкретно,"3
"
хехех,"3
"
судьба,"3
"
ирония,"3
"
диалогия,"3
"
значительный,"3
"
отрезать,"3
"
размер,"3
"
похоронить,"3
"
запланировать,"3
"
риск,"3
"
воронеж,"3
"
отец,"3
"
сингапур,"3
"
китай,"3
"
немой,"3
"
выдумать,"3
"
степень,"3
"
формат,"3
"
допускать,"3
"
картина,"3
"
травма,"3
"
претензия,"3
"
наоборот,"3
"
отдавать,"3
"
вывод,"3
"
жанр,"3
"
иран,"3
"
лагерь,"3
"
вернуться,"3
"
доказать,"3
"
этатистский,"3
"
заслуживать,"3
"
бежать,"3
"
бабченко,"3
"
отправлять,"3
"
оксюморон,"3
"
фраза,"3
"
путать,"3
"
бумага,"3
"
рф,"3
"
шанс,"3
"
изменить,"3
"
инструкция,"3
"
черта,"3
"
старое,"3
"
состояние,"3
"
швеция,"3
"
вооружённый,"3
"
сильный,"3
"
диктатор,"3
"
переписывать,"3
"
сталин,"3
"
вера,"3
"
ольга,"3
"
порядочность,"3
"
качество,"3
"
жж,"3
"
практически,"3
"
издеваться,"3
"
состояться,"3
"
январь,"3
"
ком,"3
"
неприятный,"3
"
остров,"3
"
реакция,"3
"
яснопонятный,"3
"
самооценка,"3
"
варвар,"3
"
недостаточно,"3
"
позволить,"3
"
задача,"3
"
осуждать,"3
"
лиза,"3
"
грета,"3
"
подсказать,"3
"
скандинавия,"3
"
уверенность,"3
"
разумный,"3
"
плоский,"3
"
любя,"3
"
нака,"3
"
конституционный,"3
"
кемтый,"3
"
торговый,"3
"
отсутствие,"3
"
капитолий,"3
"
поправка,"3
"
опускать,"3
"
тенденциозный,"3
"
стандарт,"3
"
ка,"3
"
скучный,"3
"
череда,"3
"
несправедливый,"3
"
скачать,"3
"
модель,"3
"
сообщить,"3
"
урок,"3
"
вызывать,"3
"
управлять,"3
"
март,"3
"
э,"3
"
брекзита,"3
"
республиканский,"3
"
руководитель,"3
"
недавно,"3
"
всякий,"3
"
социалистический,"3
"
пугать,"3
"
внешний,"3
"
ватоадмин,"3
"
кото,"3
"
обращаться,"3
"
профессор,"3
"
многий,"3
"
песков,"3
"
колония,"3
"
распоряжаться,"3
"
красный,"3
"
налогоплательщик,"3
"
больно,"3
"
лига,"3
"
женский,"3
"
китаец,"3
"
целый,"3
"
либерализм,"3
"
цитата,"3
"
дада,"3
"
видный,"3
"
бу,"3
"
бинго,"3
"
научить,"3
"
агент,"3
"
получать,"3
"
зарплата,"3
"
здравоохранение,"3
"
выгнать,"3
"
попробовать,"3
"
хамство,"3
"
превращаться,"3
"
умение,"3
"
удобно,"3
"
обидчик,"3
"
прощать,"3
"
полезный,"3
"
внезапно,"3
"
отдельно,"3
"
язык,"3
"
сеть,"3
"
срывать,"3
"
злой,"3
"
рабство,"3
"
пикет,"3
"
луна,"2
"
жаль,"2
"
палатка,"2
"
кадастровый,"2
"
гротеск,"2
"
особенность,"2
"
убедительно,"2
"
корова,"2
"
режиссёрский,"2
"
диспетчер,"2
"
мандат,"2
"
туркменистан,"2
"
аналог,"2
"
изгой,"2
"
задумать,"2
"
оформлять,"2
"
модернизм,"2
"
корбюзие,"2
"
чубайс,"2
"
пистолет,"2
"
национальность,"2
"
истора,"2
"
пьяный,"2
"
разворачивать,"2
"
архитектура,"2
"
никола,"2
"
купец,"2
"
жила,"2
"
особняк,"2
"
стоялый,"2
"
галка,"2
"
банить,"2
"
калифорния,"2
"
дочка,"2
"
встречаться,"2
"
яхта,"2
"
тонна,"2
"
закрывать,"2
"
дикпик,"2
"
прекрасный,"2
"
уличный,"2
"
террористовмафия,"2
"
санкционированый,"2
"
оправдать,"2
"
лдпр,"2
"
разработать,"2
"
сочи,"2
"
развиваться,"2
"
дефакто,"2
"
хозяйство,"2
"
паспорт,"2
"
поль,"2
"
ядерный,"2
"
труп,"2
"
прокуратура,"2
"
дурной,"2
"
совершать,"2
"
навязывать,"2
"
двор,"2
"
резать,"2
"
сакрализация,"2
"
вегетерианец,"2
"
мудак,"2
"
сингера,"2
"
отобрать,"2
"
законопроект,"2
"
закрытый,"2
"
провоцировать,"2
"
повторно,"2
"
баннер,"2
"
арестовывать,"2
"
годный,"2
"
признавать,"2
"
роскомнадзор,"2
"
беспилотный,"2
"
заморозить,"2
"
бюджет,"2
"
заблокировать,"2
"
служебный,"2
"
листок,"2
"
тудея,"2
"
спокойно,"2
"
проститутка,"2
"
курьер,"2
"
раздавать,"2
"
бизнесмен,"2
"
следовать,"2
"
плевать,"2
"
положить,"2
"
кредитка,"2
"
озеро,"2
"
кооператив,"2
"
желаемый,"2
"
подавать,"2
"
реагировать,"2
"
ести,"2
"
клишас,"2
"
копия,"2
"
впн,"2
"
граница,"2
"
лгать,"2
"
искренний,"2
"
завод,"2
"
кровавый,"2
"
родные,"2
"
берия,"2
"
красиво,"2
"
наркоманка,"2
"
взгляд,"2
"
услуга,"2
"
всерьёз,"2
"
наличка,"2
"
товар,"2
"
движ,"2
"
ап,"2
"
симоньян,"2
"
монтировать,"2
"
ассанж,"2
"
обстоятельство,"2
"
вода,"2
"
вод,"2
"
роза,"2
"
реставрация,"2
"
нотр,"2
"
любоваться,"2
"
игил,"2
"
француз,"2
"
принятие,"2
"
новокузнецк,"2
"
секрет,"2
"
плюс,"2
"
эминь,"2
"
верзилов,"2
"
снос,"2
"
ковш,"2
"
бургера,"2
"
серый,"2
"
бабка,"2
"
двести,"2
"
константин,"2
"
видимо,"2
"
издательство,"2
"
сезон,"2
"
престол,"2
"
серия,"2
"
зомби,"2
"
мораль,"2
"
побор,"2
"
колодец,"2
"
лоббировать,"2
"
ссср,"2
"
куб,"2
"
программа,"2
"
разбираться,"2
"
гру,"2
"
черёд,"2
"
палец,"2
"
коммунистический,"2
"
давить,"2
"
отключить,"2
"
грань,"2
"
стереть,"2
"
дизайнерский,"2
"
мат,"2
"
бомба,"2
"
отмечать,"2
"
махачкала,"2
"
отдельный,"2
"
рбк,"2
"
джонс,"2
"
алекс,"2
"
закрыться,"2
"
националист,"2
"
монолитный,"2
"
профессиональный,"2
"
медведев,"2
"
выговорить,"2
"
погибший,"2
"
внушать,"2
"
садиться,"2
"
даться,"2
"
ферма,"2
"
адепт,"2
"
луддит,"2
"
мудрый,"2
"
расстраивать,"2
"
блогер,"2
"
тян,"2
"
донбасс,"2
"
заселить,"2
"
нацизм,"2
"
казнь,"2
"
координировать,"2
"
способность,"2
"
шифроваться,"2
"
зависимый,"2
"
сёмина,"2
"
петличка,"2
"
быстрый,"2
"
предел,"2
"
просыпаться,"2
"
чувствовать,"2
"
спятить,"2
"
рубль,"2
"
фсб,"2
"
разгадка,"2
"
правозащитник,"2
"
напасть,"2
"
луч,"2
"
гуманитарный,"2
"
восемь,"2
"
ник,"2
"
гарантировать,"2
"
опуститься,"2
"
неочевидный,"2
"
блог,"2
"
амнистия,"2
"
кормить,"2
"
бесплатно,"2
"
неа,"2
"
возраст,"2
"
суббота,"2
"
температура,"2
"
идеальный,"2
"
тополь,"2
"
истинный,"2
"
ясно,"2
"
цензура,"2
"
оборудование,"2
"
сопротивление,"2
"
годовщина,"2
"
номенклатурка,"2
"
тяжёлый,"2
"
справляться,"2
"
эвтаназия,"2
"
ужасный,"2
"
шутливый,"2
"
обречь,"2
"
сомнение,"2
"
сигнализировать,"2
"
добровольно,"2
"
ручка,"2
"
завалиться,"2
"
сердце,"2
"
классический,"2
"
двигаться,"2
"
индеец,"2
"
упасть,"2
"
дума,"2
"
царист,"2
"
обеспечивать,"2
"
удача,"2
"
выставить,"2
"
форум,"2
"
поработать,"2
"
петровка,"2
"
громкий,"2
"
профсоюз,"2
"
спустя,"2
"
добрый,"2
"
чистый,"2
"
услышать,"2
"
популярный,"2
"
освободить,"2
"
папочка,"2
"
символ,"2
"
минимум,"2
"
встретиться,"2
"
мила,"2
"
исключение,"2
"
перераспределять,"2
"
смирнов,"2
"
няшный,"2
"
пономарёвый,"2
"
посылать,"2
"
сигнал,"2
"
кремлядеть,"2
"
аккуратно,"2
"
саундтрек,"2
"
подтвердить,"2
"
конвеять,"2
"
вк,"2
"
аббревиатура,"2
"
повторить,"2
"
песнь,"2
"
понедельник,"2
"
наверняка,"2
"
дальнобойщик,"2
"
сериал,"2
"
оба,"2
"
вступление,"2
"
ведущий,"2
"
приглашать,"2
"
кр,"2
"
десятка,"2
"
разворовать,"2
"
изгонять,"2
"
привелегия,"2
"
мужской,"2
"
коррупция,"2
"
белля,"2
"
посчитать,"2
"
лена,"2
"
разум,"2
"
крым,"2
"
хоро,"2
"
дерзить,"2
"
котана,"2
"
доставлять,"2
"
разоружить,"2
"
агрессия,"2
"
дура,"2
"
период,"2
"
неправильно,"2
"
убрать,"2
"
соответствовать,"2
"
формальный,"2
"
голодный,"2
"
сквер,"2
"
новопушкинский,"2
"
тётка,"2
"
призывать,"2
"
лозунг,"2
"
сегодняшний,"2
"
мегафон,"2
"
винтиловый,"2
"
яшин,"2
"
подборка,"2
"
сбежать,"2
"
пустой,"2
"
трубный,"2
"
ил,"2
"
подпись,"2
"
военный,"2
"
замечательный,"2
"
поч,"2
"
куча,"2
"
грустить,"2
"
общение,"2
"
потерять,"2
"
случается,"2
"
верный,"2
"
св,"2
"
законность,"2
"
жданов,"2
"
рубеж,"2
"
юдин,"2
"
григорий,"2
"
тяжело,"2
"
травить,"2
"
проверять,"2
"
дубина,"2
"
избежать,"2
"
деза,"2
"
прекратить,"2
"
ультиматум,"2
"
жёсткий,"2
"
жулик,"2
"
леса,"2
"
лизонький,"2
"
заявить,"2
"
прогулка,"2
"
радиация,"2
"
хунта,"2
"
знакомиться,"2
"
зрение,"2
"
кризис,"2
"
матвиенко,"2
"
ад,"2
"
хлеб,"2
"
морковь,"2
"
вкладывать,"2
"
мемный,"2
"
мем,"2
"
бортко,"2
"
гудков,"2
"
единоросс,"2
"
топить,"2
"
ксения,"2
"
административка,"2
"
раздражать,"2
"
заигрывать,"2
"
чёрный,"2
"
вменять,"2
"
оккупировать,"2
"
вражда,"2
"
использование,"2
"
отпустить,"2
"
галямин,"2
"
удерживать,"2
"
запугивать,"2
"
жуковский,"2
"
электрошокер,"2
"
ударить,"2
"
зарядить,"2
"
настроить,"2
"
недоверие,"2
"
призыв,"2
"
урна,"2
"
пачка,"2
"
проигрывать,"2
"
хабаровск,"2
"
вброса,"2
"
проголосовать,"2
"
спб,"2
"
вносить,"2
"
округ,"2
"
бюллетень,"2
"
исправить,"2
"
админ,"2
"
округа,"2
"
гаснуть,"2
"
дважды,"2
"
отдать,"2
"
лекционный,"2
"
голос,"2
"
офис,"2
"
перепись,"2
"
марка,"2
"
неволя,"2
"
поскольку,"2
"
ключ,"2
"
пожаловать,"2
"
гибридный,"2
"
вредный,"2
"
мечтать,"2
"
фаза,"2
"
граффити,"2
"
радость,"2
"
мрачный,"2
"
среда,"2
"
окружающий,"2
"
французский,"2
"
ливень,"2
"
далее,"2
"
бренд,"2
"
нарушение,"2
"
тревога,"2
"
гос,"2
"
разбить,"2
"
эксцесс,"2
"
уникальный,"2
"
экстремистский,"2
"
шаман,"2
"
избавиться,"2
"
подкинуть,"2
"
блокировка,"2
"
блокировать,"2
"
афтерпать,"2
"
липецк,"2
"
труба,"2
"
соглашаться,"2
"
ленин,"2
"
экстренный,"2
"
желающий,"2
"
подпольный,"2
"
известный,"2
"
вконтакте,"2
"
калуга,"2
"
уезжать,"2
"
часовня,"2
"
почемуть,"2
"
заключить,"2
"
заранее,"2
"
аренда,"2
"
автобус,"2
"
спрятать,"2
"
подход,"2
"
наряд,"2
"
гладко,"2
"
курск,"2
"
аааааа,"2
"
яблоко,"2
"
эшник,"2
"
секс,"2
"
толкать,"2
"
популизм,"2
"
порядочный,"2
"
провокация,"2
"
дружинник,"2
"
ошалеть,"2
"
проводка,"2
"
корона,"2
"
чебоксары,"2
"
поезд,"2
"
такси,"2
"
возможность,"2
"
ижевск,"2
"
ро,"2
"
варварство,"2
"
классно,"2
"
подготовка,"2
"
фантастика,"2
"
популярность,"2
"
подготовить,"2
"
пожалуйста,"2
"
скрыться,"2
"
ростовнадон,"2
"
ве,"2
"
направление,"2
"
заливать,"2
"
средний,"2
"
издержка,"2
"
характерный,"2
"
оправдание,"2
"
самоуправление,"2
"
важность,"2
"
пый,"2
"
отряд,"2
"
явиться,"2
"
порицать,"2
"
усталость,"2
"
расстрелять,"2
"
честь,"2
"
оставаться,"2
"
свободно,"2
"
джон,"2
"
конфликт,"2
"
бессовестный,"2
"
мвд,"2
"
сложность,"2
"
отстоять,"2
"
нынешний,"2
"
слететь,"2
"
отделение,"2
"
желтушный,"2
"
пункт,"2
"
мгеровца,"2
"
телеканал,"2
"
тюмень,"2
"
частник,"2
"
философ,"2
"
сливаться,"2
"
бронирование,"2
"
менеджер,"2
"
договариваться,"2
"
хилтон,"2
"
задержаться,"2
"
октябрьский,"2
"
ожидать,"2
"
уточнить,"2
"
испугаться,"2
"
соврать,"2
"
извинение,"2
"
команда,"2
"
гансагерманн,"2
"
армия,"2
"
нод,"2
"
красноярск,"2
"
стимул,"2
"
тайга,"2
"
штаб,"2
"
опричник,"2
"
кромешный,"2
"
развивать,"2
"
география,"2
"
ребятки,"2
"
цвета,"2
"
звонить,"2
"
подозрительный,"2
"
неприятно,"2
"
восторг,"2
"
взять,"2
"
повестка,"2
"
ворваться,"2
"
лестничный,"2
"
цирк,"2
"
ночное,"2
"
подробно,"2
"
расчленить,"2
"
понасенков,"2
"
погодить,"2
"
искренность,"2
"
амазона,"2
"
фб,"2
"
денис,"2
"
медиазона,"2
"
оттуда,"2
"
спросить,"2
"
послый,"2
"
прб,"2
"
тоталитаризм,"2
"
немецкий,"2
"
жрать,"2
"
тихий,"2
"
взрослый,"2
"
ловушка,"2
"
болезнь,"2
"
поляков,"2
"
белорус,"2
"
законный,"2
"
благодарить,"2
"
фашист,"2
"
поужинать,"2
"
рендёр,"2
"
анархия,"2
"
аааааааааааа,"2
"
философия,"2
"
круча,"2
"
неплохо,"2
"
сектор,"2
"
газ,"2
"
любим,"2
"
ме,"2
"
оригинальный,"2
"
люд,"2
"
прыгнуть,"2
"
крутить,"2
"
ш,"2
"
какнибыть,"2
"
удовлетворить,"2
"
удовлетворять,"2
"
животный,"2
"
зона,"2
"
родитель,"2
"
перевод,"2
"
растерзать,"2
"
сердобольный,"2
"
крымск,"2
"
достоинство,"2
"
унижать,"2
"
неизвестный,"2
"
наст,"2
"
домой,"2
"
настя,"2
"
игорь,"2
"
давление,"2
"
непрерывный,"2
"
утренний,"2
"
плющев,"2
"
се,"2
"
белла,"2
"
гуглить,"2
"
поддерж,"2
"
кампания,"2
"
беспрецедентный,"2
"
потерпевший,"2
"
неоднократно,"2
"
новиков,"2
"
справедливый,"2
"
этаж,"2
"
вменяемый,"2
"
знание,"2
"
перейти,"2
"
дубинка,"2
"
мыльников,"2
"
закончиться,"2
"
си,"2
"
обвенчать,"2
"
обречённый,"2
"
нежный,"2
"
подлый,"2
"
тошный,"2
"
поддёр,"2
"
оглашение,"2
"
уехать,"2
"
мартинцев,"2
"
поругаться,"2
"
триггериться,"2
"
логика,"2
"
появляться,"2
"
лишь,"2
"
безоружный,"2
"
бездействовать,"2
"
закрыть,"2
"
тупой,"2
"
приклеить,"2
"
доллар,"2
"
анонимность,"2
"
скот,"2
"
резко,"2
"
аааааааа,"2
"
описывать,"2
"
лумумбия,"2
"
серьёзный,"2
"
отмывать,"2
"
бабнуть,"2
"
очевидно,"2
"
строительный,"2
"
сложный,"2
"
вешать,"2
"
капиталист,"2
"
связать,"2
"
сговор,"2
"
инсталяция,"2
"
съесть,"2
"
умереть,"2
"
лужков,"2
"
ущерб,"2
"
мародёр,"2
"
табличка,"2
"
нары,"2
"
деспот,"2
"
авторитаризм,"2
"
автократия,"2
"
неспособный,"2
"
предмет,"2
"
весной,"2
"
фейсбук,"2
"
надежда,"2
"
отвоевать,"2
"
пробраться,"2
"
старик,"2
"
удивительный,"2
"
добраться,"2
"
культ,"2
"
богдан,"2
"
вмешательство,"2
"
покой,"2
"
отрыв,"2
"
должн,"2
"
цензурный,"2
"
различать,"2
"
польша,"2
"
затем,"2
"
объединение,"2
"
устроить,"2
"
либерах,"2
"
зуб,"2
"
вырасти,"2
"
шиес,"2
"
отчего,"2
"
зреть,"2
"
финишный,"2
"
тяночка,"2
"
мода,"2
"
индустрия,"2
"
устрашение,"2
"
проспать,"2
"
мирный,"2
"
насчёт,"2
"
демьян,"2
"
праздник,"2
"
великий,"2
"
антимонопольный,"2
"
субтропический,"2
"
пить,"2
"
лубянский,"2
"
оставлять,"2
"
распространить,"2
"
городской,"2
"
тянки,"2
"
сообщество,"2
"
юлия,"2
"
тело,"2
"
традиционный,"2
"
иронизировать,"2
"
наушник,"2
"
впечатление,"2
"
произвести,"2
"
банка,"2
"
зайти,"2
"
усилитель,"2
"
йодобаш,"2
"
токио,"2
"
реклама,"2
"
молодая,"2
"
выполнять,"2
"
солдат,"2
"
частью,"2
"
генерироваться,"2
"
распространять,"2
"
заводить,"2
"
бумереть,"2
"
генерировать,"2
"
переделать,"2
"
постер,"2
"
донат,"2
"
случайно,"2
"
вылетать,"2
"
отменяться,"2
"
республика,"2
"
старый,"2
"
цивилизация,"2
"
нигде,"2
"
вздох,"2
"
переть,"2
"
аятолл,"2
"
небоскрёб,"2
"
понятный,"2
"
комплиментарный,"2
"
вполне,"2
"
лечь,"2
"
снег,"2
"
вещь,"2
"
родной,"2
"
желание,"2
"
выговор,"2
"
саратовский,"2
"
хиджаба,"2
"
броситься,"2
"
свежий,"2
"
чаща,"2
"
расстреливать,"2
"
среднее,"2
"
разделять,"2
"
пропасть,"2
"
тип,"2
"
делиться,"2
"
подросток,"2
"
претендент,"2
"
отчёт,"2
"
деспотизм,"2
"
империализм,"2
"
умирать,"2
"
диалог,"2
"
версия,"2
"
прикасаться,"2
"
топовый,"2
"
городок,"2
"
подчиняться,"2
"
шахматы,"2
"
правильный,"2
"
выше,"2
"
отставка,"2
"
склонный,"2
"
са,"2
"
пас,"2
"
поорать,"2
"
явно,"2
"
дно,"2
"
меняться,"2
"
цинизм,"2
"
очевидный,"2
"
обязанность,"2
"
временно,"2
"
рамзан,"2
"
радио,"2
"
поздно,"2
"
ошибиться,"2
"
референдум,"2
"
суверенитет,"2
"
нарушать,"2
"
рассылка,"2
"
отлично,"2
"
мафия,"2
"
смена,"2
"
правота,"2
"
бессильный,"2
"
приблизиться,"2
"
меньший,"2
"
ахах,"2
"
богатый,"2
"
безысходный,"2
"
па,"2
"
владение,"2
"
окружить,"2
"
изначальный,"2
"
оппонент,"2
"
дебатировать,"2
"
легитимность,"2
"
поражение,"2
"
потерпеть,"2
"
отчаяние,"2
"
ругать,"2
"
заняться,"2
"
любимов,"2
"
реализовать,"2
"
человеческий,"2
"
расстаться,"2
"
лоуренс,"2
"
сориентироваться,"2
"
несогласие,"2
"
матчасть,"2
"
наградить,"2
"
принести,"2
"
уверить,"2
"
разводить,"2
"
надоесть,"2
"
фукусим,"2
"
историк,"2
"
цитировать,"2
"
мо,"2
"
стильно,"2
"
модно,"2
"
гомофоб,"2
"
комуть,"2
"
мема,"2
"
фактор,"2
"
расправа,"2
"
покушение,"2
"
мама,"2
"
неужели,"2
"
оборониться,"2
"
непонятно,"2
"
колхоз,"2
"
амстердам,"2
"
употреблять,"2
"
картинка,"2
"
щербаков,"2
"
пробовать,"2
"
индустриализация,"2
"
дурочка,"2
"
глобальный,"2
"
попадать,"2
"
небо,"2
"
гора,"2
"
занести,"2
"
существование,"2
"
полый,"2
"
внутри,"2
"
майкл,"2
"
министр,"2
"
переворот,"2
"
поражать,"2
"
основание,"2
"
радикальный,"2
"
наводнить,"2
"
евросоюз,"2
"
праздновать,"2
"
мечта,"2
"
природа,"2
"
удивительно,"2
"
сослаться,"2
"
топ,"2
"
прописать,"2
"
игнорировать,"2
"
оговориться,"2
"
сама,"2
"
ес,"2
"
хэннона,"2
"
дэниел,"2
"
отталкивать,"2
"
справедливо,"2
"
безразличный,"2
"
привлекать,"2
"
дефолт,"2
"
грубо,"2
"
ротбарда,"2
"
мюррей,"2
"
открытый,"2
"
орган,"2
"
символика,"2
"
гол,"2
"
айова,"2
"
демократический,"2
"
людоед,"2
"
честный,"2
"
порядок,"2
"
пензенский,"2
"
выиграть,"2
"
проснуться,"2
"
юрисдикция,"2
"
богач,"2
"
отнять,"2
"
фейк,"2
"
прочее,"2
"
добавиться,"2
"
ааааааа,"2
"
джордан,"2
"
канада,"2
"
монументальный,"2
"
нелицеприятный,"2
"
иллюзия,"2
"
лишение,"2
"
баршай,"2
"
спортивный,"2
"
участвовать,"2
"
болееменее,"2
"
трансгендёр,"2
"
отбор,"2
"
печатать,"2
"
эпидемия,"2
"
обойтись,"2
"
кастро,"2
"
расист,"2
"
равенство,"2
"
говориться,"2
"
задуматься,"2
"
иск,"2
"
ва,"2
"
оппозиционер,"2
"
гугл,"2
"
определение,"2
"
подведение,"2
"
персонал,"2
"
фиаско,"2
"
дебилушко,"2
"
служащий,"2
"
государственна,"2
"
врач,"2
"
реализация,"2
"
больница,"2
"
открыть,"2
"
буллинга,"2
"
харасмент,"2
"
оскорбление,"2
"
уточнять,"2
"
оскорблять,"2
"
лёша,"2
"
прощение,"2
"
христос,"2
"
элементарный,"2
"
проводиться,"2
"
битком,"2
"
грандиозный,"2
"
учесть,"2
"
мнёвник,"1
"
миссия,"1
"
преподавание,"1
"
опровержение,"1
"
стрёмной,"1
"
котлован,"1
"
одинбольше,"1
"
цифра,"1
"
точный,"1
"
высаживаться,"1
"
велана,"1
"
шпион,"1
"
лицензирование,"1
"
уют,"1
"
житься,"1
"
европейск,"1
"
атриум,"1
"
тц,"1
"
дойти,"1
"
ры,"1
"
выкуп,"1
"
диферамб,"1
"
знаешь,"1
"
понадобиться,"1
"
самостроить,"1
"
метро,"1
"
торговля,"1
"
обманывать,"1
"
дружелюбный,"1
"
искажать,"1
"
торгаш,"1
"
гонять,"1
"
однозначный,"1
"
олигархический,"1
"
однако,"1
"
переход,"1
"
передел,"1
"
нескол,"1
"
стул,"1
"
усидеть,"1
"
двухэтажный,"1
"
бок,"1
"
комфортно,"1
"
лист,"1
"
фиговый,"1
"
неинтересно,"1
"
живьём,"1
"
лишний,"1
"
наехать,"1
"
нежно,"1
"
треть,"1
"
объект,"1
"
нежелый,"1
"
поверхностный,"1
"
трупо,"1
"
возводить,"1
"
среди,"1
"
ларс,"1
"
описание,"1
"
правдоподобный,"1
"
скука,"1
"
утопать,"1
"
жалоба,"1
"
завалить,"1
"
натуралистичный,"1
"
холодильник,"1
"
ворчун,"1
"
стынуть,"1
"
жальча,"1
"
уточка,"1
"
парад,"1
"
режиссёр,"1
"
кодирование,"1
"
силикон,"1
"
отделять,"1
"
фантазия,"1
"
хрусталёвый,"1
"
зыбко,"1
"
собака,"1
"
стрелять,"1
"
вырваный,"1
"
ветка,"1
"
мышка,"1
"
байка,"1
"
котра,"1
"
питаться,"1
"
лебеда,"1
"
кошка,"1
"
одоба,"1
"
вклад,"1
"
банковский,"1
"
изъятие,"1
"
спровоцировать,"1
"
жилет,"1
"
разворо,"1
"
деньгиноменклатура,"1
"
самостоятельно,"1
"
космический,"1
"
изящный,"1
"
должность,"1
"
абстракция,"1
"
триколо,"1
"
змейка,"1
"
упаковка,"1
"
убирать,"1
"
яйцо,"1
"
курильский,"1
"
опоздать,"1
"
горбачёвый,"1
"
документальный,"1
"
шапито,"1
"
русалка,"1
"
особенна,"1
"
носитель,"1
"
коммерческий,"1
"
телевизор,"1
"
виновность,"1
"
презумпция,"1
"
терпила,"1
"
грант,"1
"
количёс,"1
"
правительствр,"1
"
васкать,"1
"
госв,"1
"
кококо,"1
"
левачка,"1
"
образоваться,"1
"
вниз,"1
"
сверху,"1
"
поступательный,"1
"
веенесуэла,"1
"
сейм,"1
"
латвия,"1
"
поучиться,"1
"
тра,"1
"
отфактчекил,"1
"
вашингтон,"1
"
пробить,"1
"
некуда,"1
"
казалось,"1
"
понт,"1
"
статус,"1
"
стремление,"1
"
чаяние,"1
"
подчёркивать,"1
"
бел,"1
"
конь,"1
"
велфер,"1
"
охотник,"1
"
средневековый,"1
"
беженец,"1
"
бекон,"1
"
позавтракать,"1
"
аравия,"1
"
саудовский,"1
"
тянка,"1
"
зараждаться,"1
"
ахахи,"1
"
олоть,"1
"
шеренга,"1
"
выстраиваться,"1
"
платный,"1
"
выезд,"1
"
выкладывать,"1
"
дофига,"1
"
скопир,"1
"
выкопать,"1
"
заять,"1
"
слух,"1
"
откупат,"1
"
сеять,"1
"
выплачивать,"1
"
дань,"1
"
чеченский,"1
"
доставка,"1
"
лучш,"1
"
сбивать,"1
"
возникать,"1
"
антирын,"1
"
лицензироварний,"1
"
монопольный,"1
"
госвый,"1
"
грустный,"1
"
фашина,"1
"
хобби,"1
"
общемто,"1
"
паспортный,"1
"
привязка,"1
"
функция,"1
"
вручать,"1
"
галочка,"1
"
налаживать,"1
"
хэнксом,"1
"
хохо,"1
"
нереально,"1
"
смотреться,"1
"
федексом,"1
"
информаца,"1
"
исполнение,"1
"
перевозчик,"1
"
обязывать,"1
"
рабский,"1
"
преувеличение,"1
"
наличие,"1
"
каталог,"1
"
поисковик,"1
"
спамятый,"1
"
тупо,"1
"
лимит,"1
"
превышение,"1
"
достать,"1
"
курить,"1
"
спортолоть,"1
"
прилёт,"1
"
проспа,"1
"
осотонев,"1
"
хернуть,"1
"
офромитя,"1
"
мексяц,"1
"
постро,"1
"
ветхость,"1
"
уход,"1
"
неприятие,"1
"
повеситься,"1
"
достоевский,"1
"
урон,"1
"
доля,"1
"
фукусима,"1
"
грустно,"1
"
бюджетный,"1
"
вооружиться,"1
"
нагородить,"1
"
бразилия,"1
"
столица,"1
"
олимпиада,"1
"
булошников,"1
"
сиять,"1
"
мастерить,"1
"
заблужда,"1
"
милость,"1
"
высый,"1
"
зонирование,"1
"
обижаться,"1
"
причёска,"1
"
отработать,"1
"
захаров,"1
"
динамический,"1
"
ипишник,"1
"
тихомиров,"1
"
бурят,"1
"
проникнуть,"1
"
захватчикто,"1
"
опьянение,"1
"
алкогольный,"1
"
нездоровый,"1
"
психически,"1
"
внизу,"1
"
захватчик,"1
"
спецназ,"1
"
спецназовец,"1
"
подсвечивать,"1
"
относительно,"1
"
нарочно,"1
"
габрельяновец,"1
"
опровергать,"1
"
писаться,"1
"
душегуб,"1
"
ввнужден,"1
"
дебил,"1
"
заключаться,"1
"
захват,"1
"
дебошир,"1
"
отравить,"1
"
алкашня,"1
"
трактовать,"1
"
бесспорный,"1
"
захватывать,"1
"
алкаш,"1
"
декларация,"1
"
инфраструктура,"1
"
луговой,"1
"
литвиненко,"1
"
оценка,"1
"
уд,"1
"
редкий,"1
"
пристально,"1
"
застройщик,"1
"
белорусский,"1
"
угол,"1
"
чудотворец,"1
"
окружать,"1
"
эээ,"1
"
содержимый,"1
"
столетний,"1
"
рублёвка,"1
"
реконструкция,"1
"
предвидеть,"1
"
соб,"1
"
завтрашний,"1
"
пригодный,"1
"
разрушительный,"1
"
кирха,"1
"
старинный,"1
"
обесп,"1
"
свергнуть,"1
"
побунтовать,"1
"
толком,"1
"
топливо,"1
"
собст,"1
"
противоречащий,"1
"
безрассудство,"1
"
сужать,"1
"
расширять,"1
"
незначительный,"1
"
плакать,"1
"
сочувствовать,"1
"
горе,"1
"
нуль,"1
"
обмануть,"1
"
ставиться,"1
"
разрываться,"1
"
подражание,"1
"
механизм,"1
"
непрерывно,"1
"
ркн,"1
"
ожить,"1
"
швейц,"1
"
уголок,"1
"
райский,"1
"
средст,"1
"
набежать,"1
"
решень,"1
"
максималя,"1
"
перерисовывать,"1
"
зак,"1
"
крестьянин,"1
"
мантра,"1
"
тиранить,"1
"
преимущественно,"1
"
ри,"1
"
реагент,"1
"
сугроб,"1
"
питерский,"1
"
обновлять,"1
"
невский,"1
"
плавать,"1
"
нужда,"1
"
фидель,"1
"
внук,"1
"
обнаружть,"1
"
чавес,"1
"
напый,"1
"
привычный,"1
"
переодевиться,"1
"
перспекть,"1
"
рид,"1
"
привыкать,"1
"
наличный,"1
"
заплатить,"1
"
сво,"1
"
касание,"1
"
подневольный,"1
"
комментариха,"1
"
копилка,"1
"
прелесть,"1
"
словечко,"1
"
замолвить,"1
"
похожий,"1
"
дега,"1
"
фе,"1
"
абьюзер,"1
"
серийный,"1
"
молчать,"1
"
идентичность,"1
"
феминизм,"1
"
креститься,"1
"
мариона,"1
"
очевидность,"1
"
капитан,"1
"
изнасиловать,"1
"
изменять,"1
"
инвест,"1
"
тикток,"1
"
выразительный,"1
"
восхищение,"1
"
опп,"1
"
несистемный,"1
"
посрамить,"1
"
гудковца,"1
"
гоша,"1
"
кеш,"1
"
поток,"1
"
оскудеть,"1
"
консолидация,"1
"
очищение,"1
"
арашукова,"1
"
влететь,"1
"
бааля,"1
"
демон,"1
"
урал,"1
"
письменный,"1
"
твёрдый,"1
"
вытаптывание,"1
"
вменить,"1
"
михайлов,"1
"
литвин,"1
"
контрабанда,"1
"
подозрение,"1
"
кабоверде,"1
"
моряк,"1
"
одиннадцать,"1
"
кататься,"1
"
аншлаг,"1
"
остальный,"1
"
новосадовый,"1
"
тротуар,"1
"
лёд,"1
"
идеально,"1
"
аномалия,"1
"
самарский,"1
"
кругом,"1
"
очернить,"1
"
сверхдержава,"1
"
пэнтекс,"1
"
техас,"1
"
община,"1
"
чистить,"1
"
сынок,"1
"
перезалить,"1
"
навсегда,"1
"
неравенство,"1
"
зацементировать,"1
"
какаиня,"1
"
фсбшник,"1
"
илона,"1
"
палач,"1
"
поглядеть,"1
"
язва,"1
"
акула,"1
"
хро,"1
"
стращать,"1
"
одобрение,"1
"
игла,"1
"
вдуматься,"1
"
нюанс,"1
"
безоса,"1
"
джеф,"1
"
издание,"1
"
загадочный,"1
"
званый,"1
"
вспомнить,"1
"
галдецкий,"1
"
герман,"1
"
наконецтый,"1
"
передачить,"1
"
задержка,"1
"
успевать,"1
"
поэт,"1
"
амбал,"1
"
разогнать,"1
"
матереть,"1
"
паразитировать,"1
"
задерж,"1
"
повторять,"1
"
пройтись,"1
"
сенатор,"1
"
турчак,"1
"
валентина,"1
"
избиение,"1
"
противодействие,"1
"
избить,"1
"
подмосковье,"1
"
жириновский,"1
"
брехать,"1
"
пламенный,"1
"
изм,"1
"
афганистан,"1
"
дизайн,"1
"
контора,"1
"
надзор,"1
"
повар,"1
"
критиковать,"1
"
собстеннос,"1
"
уничтожение,"1
"
облик,"1
"
вмешиваться,"1
"
вп,"1
"
адлер,"1
"
су,"1
"
инстит,"1
"
пляж,"1
"
херачонок,"1
"
наследие,"1
"
деть,"1
"
венгерский,"1
"
венгрия,"1
"
муж,"1
"
оформляться,"1
"
актив,"1
"
докладывать,"1
"
капремонт,"1
"
клуб,"1
"
эггерт,"1
"
публицист,"1
"
контролировать,"1
"
чинять,"1
"
закапывать,"1
"
раскапывать,"1
"
ремонт,"1
"
гденибыть,"1
"
адекватный,"1
"
байкальский,"1
"
мракобес,"1
"
шаманов,"1
"
сжигать,"1
"
честертон,"1
"
жертвоприношение,"1
"
ритуальный,"1
"
поросёнок,"1
"
лето,"1
"
прививка,"1
"
животноводство,"1
"
промышленный,"1
"
ребёнкомкоторый,"1
"
львомь,"1
"
вол,"1
"
козлёнком,"1
"
дружитьс,"1
"
барс,"1
"
томчто,"1
"
пророчество,"1
"
задний,"1
"
баранов,"1
"
разделениий,"1
"
шолля,"1
"
софи,"1
"
мясо,"1
"
свинин,"1
"
приготовление,"1
"
осаждать,"1
"
господин,"1
"
наплевать,"1
"
насекомое,"1
"
корректный,"1
"
ирониизировать,"1
"
совпадение,"1
"
изобретатель,"1
"
азиатский,"1
"
акт,"1
"
санкционка,"1
"
остервенелость,"1
"
конченый,"1
"
браяна,"1
"
личность,"1
"
безотносительно,"1
"
голливуд,"1
"
усилие,"1
"
объеденить,"1
"
отречить,"1
"
вайнштейн,"1
"
спейся,"1
"
кевин,"1
"
брайан,"1
"
разбирательство,"1
"
подробность,"1
"
саморегуляция,"1
"
изуродовать,"1
"
модернист,"1
"
когдато,"1
"
брюссель,"1
"
ух,"1
"
малашенко,"1
"
поб,"1
"
решительный,"1
"
травин,"1
"
народишко,"1
"
побороть,"1
"
фнс,"1
"
грабить,"1
"
тень,"1
"
дружков,"1
"
договороспособный,"1
"
аахахах,"1
"
ошибаться,"1
"
реж,"1
"
рекомундуть,"1
"
баронов,"1
"
перепис,"1
"
тайна,"1
"
обжаловать,"1
"
жилец,"1
"
банально,"1
"
клоповник,"1
"
пролобировать,"1
"
запретительный,"1
"
собраться,"1
"
телеви,"1
"
фейковыя,"1
"
ответственность,"1
"
тиджорнать,"1
"
слушай,"1
"
ошибить,"1
"
недооценивать,"1
"
адресовать,"1
"
электричёс,"1
"
отметить,"1
"
электричество,"1
"
задник,"1
"
надпись,"1
"
приня,"1
"
сравнить,"1
"
агитационный,"1
"
оборзесть,"1
"
жестить,"1
"
синицын,"1
"
запихивать,"1
"
впустить,"1
"
вопреки,"1
"
правоохранитель,"1
"
доблестный,"1
"
своровать,"1
"
напечатать,"1
"
выглянуть,"1
"
солнышко,"1
"
уменьшаться,"1
"
послед,"1
"
судиться,"1
"
рт,"1
"
организованно,"1
"
прежде,"1
"
википедия,"1
"
которо,"1
"
совр,"1
"
андерграунд,"1
"
тематический,"1
"
отборный,"1
"
подобрать,"1
"
повториться,"1
"
допуск,"1
"
накладка,"1
"
массировать,"1
"
летательный,"1
"
эскадрилья,"1
"
гуща,"1
"
кринджа,"1
"
искра,"1
"
наступать,"1
"
ломать,"1
"
гомосексуализм,"1
"
тигеев,"1
"
апвот,"1
"
реддит,"1
"
ааааааааааааааааа,"1
"
ольгино,"1
"
дизлайк,"1
"
просмотр,"1
"
маргарита,"1
"
опрос,"1
"
официально,"1
"
синий,"1
"
шарик,"1
"
учёт,"1
"
липин,"1
"
юрист,"1
"
миллиа,"1
"
налогоплатильщик,"1
"
годовой,"1
"
секретаринить,"1
"
халк,"1
"
явный,"1
"
потаённый,"1
"
прессзона,"1
"
срочноработник,"1
"
согаз,"1
"
садовоспасский,"1
"
прослеживаться,"1
"
дешёвка,"1
"
фаталить,"1
"
комбат,"1
"
морталый,"1
"
отрицательный,"1
"
фанститка,"1
"
неопределённый,"1
"
перенести,"1
"
гд,"1
"
интер,"1
"
ньюс,"1
"
наказание,"1
"
совфед,"1
"
заказчик,"1
"
настить,"1
"
расспространять,"1
"
задыхаться,"1
"
помойка,"1
"
отличиться,"1
"
заказуха,"1
"
рашу,"1
"
появление,"1
"
загляденье,"1
"
принципиальность,"1
"
красотка,"1
"
преступля,"1
"
подозревать,"1
"
оправдаться,"1
"
рассекречивать,"1
"
сенс,"1
"
грамотность,"1
"
раша,"1
"
конкурс,"1
"
обсасывать,"1
"
несовершеннолетний,"1
"
свидетельница,"1
"
фадил,"1
"
иман,"1
"
неистовый,"1
"
надевать,"1
"
кляп,"1
"
кандалы,"1
"
бдсм,"1
"
лазание,"1
"
бич,"1
"
минус,"1
"
ааа,"1
"
дочь,"1
"
отбрать,"1
"
летний,"1
"
наносить,"1
"
юстиция,"1
"
ювенальный,"1
"
муници,"1
"
недорендрилось,"1
"
нищий,"1
"
списать,"1
"
роспотребнадзор,"1
"
уна,"1
"
нищета,"1
"
хардрок,"1
"
художественный,"1
"
истина,"1
"
приверженность,"1
"
профессионализм,"1
"
деанон,"1
"
архиворг,"1
"
мультфильм,"1
"
диснеевский,"1
"
позитив,"1
"
оцифровать,"1
"
мелочь,"1
"
синева,"1
"
цветокоррекция,"1
"
цветкор,"1
"
торрент,"1
"
лазердиск,"1
"
японский,"1
"
скан,"1
"
двд,"1
"
кредит,"1
"
хаб,"1
"
мвидео,"1
"
сожрать,"1
"
соображение,"1
"
кабала,"1
"
залезать,"1
"
почеловечески,"1
"
обокрасть,"1
"
мужик,"1
"
бо,"1
"
селюк,"1
"
роадтрип,"1
"
ранчо,"1
"
полезть,"1
"
банк,"1
"
включить,"1
"
традиция,"1
"
скобочка,"1
"
пе,"1
"
лимбо,"1
"
зависнуть,"1
"
забанный,"1
"
противоположный,"1
"
убежать,"1
"
разгореться,"1
"
кавказ,"1
"
столкновение,"1
"
придума,"1
"
экран,"1
"
ингушетиия,"1
"
иридиум,"1
"
инмарсат,"1
"
дискурс,"1
"
шампанский,"1
"
кондиционер,"1
"
офисный,"1
"
николаев,"1
"
самочь,"1
"
биография,"1
"
поинтересоваться,"1
"
связаться,"1
"
линк,"1
"
нулевыхначать,"1
"
тесно,"1
"
летов,"1
"
драть,"1
"
отжать,"1
"
особенный,"1
"
трага,"1
"
сталинизм,"1
"
ма,"1
"
кора,"1
"
поручиться,"1
"
хаматовый,"1
"
чулпан,"1
"
эвфемизм,"1
"
горожанин,"1
"
укр,"1
"
разгром,"1
"
основатель,"1
"
антинародный,"1
"
хрущёвый,"1
"
доклад,"1
"
испуг,"1
"
квартирант,"1
"
инт,"1
"
тэо,"1
"
наркофобия,"1
"
яд,"1
"
обсуд,"1
"
сарапулов,"1
"
захар,"1
"
беспалов,"1
"
иркутский,"1
"
востребовать,"1
"
контент,"1
"
потестить,"1
"
креативный,"1
"
текстовик,"1
"
монетизация,"1
"
модеть,"1
"
глумление,"1
"
пинять,"1
"
сгосударстваолигарх,"1
"
привыклый,"1
"
массово,"1
"
немногий,"1
"
тёпа,"1
"
какойнибудь,"1
"
мексика,"1
"
пользться,"1
"
нал,"1
"
боком,"1
"
подтверждение,"1
"
киев,"1
"
приход,"1
"
расход,"1
"
неудобно,"1
"
антиэстаблишмент,"1
"
продолжение,"1
"
менгель,"1
"
системный,"1
"
диза,"1
"
замусоривать,"1
"
несмешной,"1
"
душнил,"1
"
разрешение,"1
"
мимо,"1
"
оптимизм,"1
"
утратить,"1
"
подсказывать,"1
"
влиять,"1
"
изобрести,"1
"
зелинский,"1
"
радиослушатель,"1
"
показат,"1
"
достигаться,"1
"
лекарство,"1
"
увеличить,"1
"
вдвое,"1
"
минпромторг,"1
"
пальчис,"1
"
валяться,"1
"
венесуэлла,"1
"
свершиться,"1
"
апложиться,"1
"
советск,"1
"
коленка,"1
"
ресурсный,"1
"
качественный,"1
"
дискуссия,"1
"
поднимать,"1
"
ааааааааааааа,"1
"
перезаписаться,"1
"
уговориться,"1
"
иегова,"1
"
кокетничать,"1
"
тренд,"1
"
__,"1
"
____,"1
"
публикий,"1
"
рэп,"1
"
дватереть,"1
"
громпо,"1
"
вестник,"1
"
сеодень,"1
"
пруд,"1
"
песня,"1
"
аахахахаа,"1
"
интроверт,"1
"
кореянка,"1
"
видос,"1
"
номинант,"1
"
значение,"1
"
единогласно,"1
"
стремительно,"1
"
эквадор,"1
"
посольство,"1
"
негодовать,"1
"
демшиза,"1
"
идиот,"1
"
ассанджа,"1
"
лю,"1
"
чебурнуть,"1
"
сертификат,"1
"
корнев,"1
"
ег,"1
"
переписка,"1
"
зашифровать,"1
"
проговориться,"1
"
жаров,"1
"
улюлюкать,"1
"
разделиться,"1
"
исключать,"1
"
зеландия,"1
"
мракобесие,"1
"
перехитрить,"1
"
спам,"1
"
ссс,"1
"
ностальгия,"1
"
бузев,"1
"
развалиться,"1
"
паблик,"1
"
краевед,"1
"
несопоставимый,"1
"
лицензия,"1
"
бытовой,"1
"
хозяйственно,"1
"
подземный,"1
"
пользование,"1
"
поделать,"1
"
цисгендерный,"1
"
скидка,"1
"
холодильный,"1
"
финал,"1
"
достойный,"1
"
сценарист,"1
"
армянский,"1
"
наследство,"1
"
высидеть,"1
"
нев,"1
"
возгорание,"1
"
богоматерь,"1
"
парижский,"1
"
ощущение,"1
"
убранство,"1
"
выгореть,"1
"
внутрь,"1
"
обрушиться,"1
"
дотла,"1
"
выгорать,"1
"
наступление,"1
"
башня,"1
"
охватывать,"1
"
пламя,"1
"
рухнуть,"1
"
догореть,"1
"
противопоставить,"1
"
финый,"1
"
андре,"1
"
представителсить,"1
"
перо,"1
"
витраж,"1
"
фреска,"1
"
выстоять,"1
"
камень,"1
"
оргиниальный,"1
"
реставрироваться,"1
"
пожаротушение,"1
"
астролог,"1
"
новодеть,"1
"
возведение,"1
"
суть,"1
"
дама,"1
"
сканировать,"1
"
колезь,"1
"
изоляциони,"1
"
буча,"1
"
восстанавливать,"1
"
саркози,"1
"
ша,"1
"
противоречие,"1
"
испортиться,"1
"
паразит,"1
"
автомобилист,"1
"
перекрёсток,"1
"
сдержать,"1
"
обложка,"1
"
расизм,"1
"
глубоко,"1
"
негативно,"1
"
гиви,"1
"
моторола,"1
"
маг,"1
"
муцольговый,"1
"
ингушский,"1
"
цивить,"1
"
памятник,"1
"
уничтожить,"1
"
завербовать,"1
"
букет,"1
"
жительница,"1
"
дёмушкин,"1
"
политзаключённый,"1
"
интересн,"1
"
немец,"1
"
фина,"1
"
матерь,"1
"
гяммера,"1
"
либертарианка,"1
"
кузбасс,"1
"
украинский,"1
"
загадка,"1
"
трю,"1
"
полишинель,"1
"
спецслужба,"1
"
инфильтрировать,"1
"
насквозь,"1
"
растеряй,"1
"
освободительный,"1
"
мучительный,"1
"
братский,"1
"
петя,"1
"
обратный,"1
"
пргосто,"1
"
гуглплюс,"1
"
дог,"1
"
недвизать,"1
"
теплица,"1
"
штрафовать,"1
"
дачник,"1
"
дачный,"1
"
развеять,"1
"
пасха,"1
"
христиана,"1
"
шриланка,"1
"
земфира,"1
"
респект,"1
"
лоялиз,"1
"
критический,"1
"
отыгрывать,"1
"
убедительный,"1
"
подпевка,"1
"
руководствоваться,"1
"
рациональный,"1
"
стаж,"1
"
зачемтый,"1
"
наивность,"1
"
перв,"1
"
величество,"1
"
орно,"1
"
высота,"1
"
голанский,"1
"
поселение,"1
"
нетаньяха,"1
"
постройка,"1
"
нелегальный,"1
"
целесообразность,"1
"
урбанистический,"1
"
исходить,"1
"
пожарить,"1
"
официоз,"1
"
переименовывать,"1
"
переименовать,"1
"
многострадальный,"1
"
буд,"1
"
освятить,"1
"
батюшка,"1
"
аду,"1
"
советскопутинский,"1
"
утешение,"1
"
хейт,"1
"
аудитый,"1
"
сёмин,"1
"
дудеть,"1
"
вытянуть,"1
"
одарённый,"1
"
категория,"1
"
гомоебить,"1
"
этика,"1
"
журналистский,"1
"
региональный,"1
"
директор,"1
"
персонаж,"1
"
положительный,"1
"
скатиться,"1
"
отзыв,"1
"
вскорабкать,"1
"
трон,"1
"
арь,"1
"
развязка,"1
"
городить,"1
"
доноситься,"1
"
урывок,"1
"
нюансировать,"1
"
королевна,"1
"
каша,"1
"
мать,"1
"
серсеять,"1
"
спойлерить,"1
"
запихнуть,"1
"
починить,"1
"
порог,"1
"
курьерский,"1
"
помереть,"1
"
тунеядство,"1
"
парник,"1
"
башлять,"1
"
самсунг,"1
"
тариф,"1
"
копировать,"1
"
путём,"1
"
подха,"1
"
отбрасывать,"1
"
грязь,"1
"
свинья,"1
"
устанавль,"1
"
отчисление,"1
"
правящий,"1
"
процес,"1
"
рисовать,"1
"
нерыночный,"1
"
эволюца,"1
"
политически,"1
"
отечественный,"1
"
угро,"1
"
вершить,"1
"
утипуть,"1
"
минархист,"1
"
менее,"1
"
рассказ,"1
"
переставать,"1
"
рыночн,"1
"
прикидываться,"1
"
помешать,"1
"
укладывай,"1
"
свежеть,"1
"
извлекать,"1
"
преступня,"1
"
описать,"1
"
возм,"1
"
особа,"1
"
тривиальный,"1
"
рефлексировать,"1
"
собеседник,"1
"
вагнер,"1
"
натренировать,"1
"
попыт,"1
"
разлететься,"1
"
моментально,"1
"
колесо,"1
"
лука,"1
"
инфляция,"1
"
обменять,"1
"
восстановление,"1
"
несогласованный,"1
"
эмбри,"1
"
скрининг,"1
"
луддитский,"1
"
изъян,"1
"
уродство,"1
"
светлый,"1
"
многочисленный,"1
"
видать,"1
"
кудато,"1
"
перекопать,"1
"
коммунальщик,"1
"
градостроительный,"1
"
закопать,"1
"
раскопать,"1
"
асфальт,"1
"
перекладывать,"1
"
бордюр,"1
"
полицей,"1
"
метание,"1
"
казнить,"1
"
списывать,"1
"
разглядеть,"1
"
успешн,"1
"
вырваться,"1
"
инвалид,"1
"
сталингулаг,"1
"
повезл,"1
"
слёзно,"1
"
долбоёб,"1
"
спальный,"1
"
чернов,"1
"
делевинь,"1
"
кара,"1
"
пятилетний,"1
"
сталингулага,"1
"
форсить,"1
"
собственно,"1
"
мерзость,"1
"
эталон,"1
"
мотивировать,"1
"
ограничивать,"1
"
журналистика,"1
"
карательный,"1
"
существо,"1
"
прайвася,"1
"
деанонить,"1
"
пло,"1
"
интенция,"1
"
констанина,"1
"
прежний,"1
"
конспиролог,"1
"
доволя,"1
"
фактоида,"1
"
шумок,"1
"
продавливать,"1
"
вообщий,"1
"
круг,"1
"
запереться,"1
"
переубедить,"1
"
поторопиться,"1
"
рыба,"1
"
укрупнение,"1
"
маркс,"1
"
ос,"1
"
регулиро,"1
"
сконцентрировать,"1
"
футболист,"1
"
бухгалтер,"1
"
претендовать,"1
"
недееспособный,"1
"
футбол,"1
"
сова,"1
"
дохнуть,"1
"
колыма,"1
"
помый,"1
"
выбивать,"1
"
тр,"1
"
цыганков,"1
"
дерегуляторный,"1
"
посадка,"1
"
аэрофлот,"1
"
салон,"1
"
состоять,"1
"
флот,"1
"
суперджетом,"1
"
катастрофа,"1
"
смертельный,"1
"
гиб,"1
"
авария,"1
"
эксплуатация,"1
"
суперджт,"1
"
вылет,"1
"
суперджетаха,"1
"
экипаж,"1
"
суперджете,"1
"
тыся,"1
"
дество,"1
"
обсужедний,"1
"
преодолеть,"1
"
миля,"1
"
самокат,"1
"
транспорт,"1
"
гнусный,"1
"
велосипед,"1
"
поез,"1
"
распилить,"1
"
шпигель,"1
"
болеть,"1
"
электростанция,"1
"
вложение,"1
"
испокон,"1
"
болсонар,"1
"
выдерживать,"1
"
рекетир,"1
"
рентабельный,"1
"
карьер,"1
"
угольный,"1
"
панель,"1
"
цуна,"1
"
безальтернативный,"1
"
определиться,"1
"
благо,"1
"
представление,"1
"
причинять,"1
"
яндекс,"1
"
жечь,"1
"
колдуновучёный,"1
"
землетрясти,"1
"
разобрать,"1
"
сожаление,"1
"
черно,"1
"
выброс,"1
"
владим,"1
"
советник,"1
"
глазьев,"1
"
фашистский,"1
"
жидобандеровский,"1
"
налюбоваться,"1
"
великое,"1
"
повт,"1
"
разлочен,"1
"
ачивка,"1
"
заболеть,"1
"
швейцарец,"1
"
кл,"1
"
швейцарский,"1
"
холокост,"1
"
родственник,"1
"
скорбеть,"1
"
ноябрь,"1
"
мировойсша,"1
"
смертный,"1
"
применение,"1
"
нейтрализовать,"1
"
бросаться,"1
"
хаммера,"1
"
подвезти,"1
"
значить,"1
"
рил,"1
"
мгер,"1
"
лживый,"1
"
суматоха,"1
"
дакимакур,"1
"
изображение,"1
"
русофоб,"1
"
тряпка,"1
"
накрывать,"1
"
мозги,"1
"
промыть,"1
"
наркоман,"1
"
несоответствие,"1
"
мудачество,"1
"
чеготь,"1
"
дл,"1
"
форс,"1
"
рендриться,"1
"
разоб,"1
"
стратегически,"1
"
ботанаочкарик,"1
"
заход,"1
"
музыкальный,"1
"
полететь,"1
"
инфорситься,"1
"
строго,"1
"
дебатёра,"1
"
качвество,"1
"
разорвать,"1
"
рендрил,"1
"
подогнать,"1
"
глядеть,"1
"
ано,"1
"
анимевечеринка,"1
"
отсаживаться,"1
"
самооборона,"1
"
лока,"1
"
сопа,"1
"
перемена,"1
"
кричалка,"1
"
недоговый,"1
"
убеждать,"1
"
вставать,"1
"
эмбрион,"1
"
корректировка,"1
"
эстафета,"1
"
перехватить,"1
"
нарратив,"1
"
шапиро,"1
"
неотвеченный,"1
"
датацентр,"1
"
закрепить,"1
"
алтушкин,"1
"
безнаказанность,"1
"
миллио,"1
"
черкалин,"1
"
кирилл,"1
"
полковник,"1
"
отдел,"1
"
начальник,"1
"
чик,"1
"
детектив,"1
"
бесправие,"1
"
идеология,"1
"
цепь,"1
"
дв,"1
"
родовой,"1
"
сон,"1
"
арни,"1
"
спин,"1
"
разбег,"1
"
африка,"1
"
шварценеггер,"1
"
данил,"1
"
ублюдо,"1
"
плеснуть,"1
"
олег,"1
"
дегенера,"1
"
охранник,"1
"
слежение,"1
"
одежда,"1
"
свежевать,"1
"
привезти,"1
"
сдеанонить,"1
"
нападение,"1
"
соглашайс,"1
"
ус,"1
"
токсичность,"1
"
снижать,"1
"
злоно,"1
"
прославить,"1
"
сорваться,"1
"
удот,"1
"
затравить,"1
"
чудовищный,"1
"
регионализация,"1
"
благодарный,"1
"
мотузнать,"1
"
маша,"1
"
трёв,"1
"
внезапный,"1
"
удивиться,"1
"
жириновца,"1
"
самопровозглашение,"1
"
заткнуться,"1
"
водружать,"1
"
комми,"1
"
аудитори,"1
"
зазывать,"1
"
стефанчук,"1
"
пиратка,"1
"
утечь,"1
"
попаста,"1
"
квота,"1
"
заполнять,"1
"
участник,"1
"
лонглист,"1
"
жизнео,"1
"
мерзавец,"1
"
отстирывать,"1
"
распределиться,"1
"
вбить,"1
"
сумма,"1
"
светиться,"1
"
примеро,"1
"
составить,"1
"
просьба,"1
"
сложныый,"1
"
нап,"1
"
импликация,"1
"
стихийно,"1
"
эх,"1
"
орание,"1
"
спорный,"1
"
нарушить,"1
"
гражданство,"1
"
выдача,"1
"
безопаность,"1
"
депортировать,"1
"
сверить,"1
"
приз,"1
"
краснодар,"1
"
механик,"1
"
фридман,"1
"
волчий,"1
"
овца,"1
"
блок,"1
"
уолтер,"1
"
проституция,"1
"
сексработн,"1
"
улучшение,"1
"
возле,"1
"
пенсионер,"1
"
неведение,"1
"
пфр,"1
"
долгий,"1
"
принуждать,"1
"
пенсионный,"1
"
повышение,"1
"
сыскный,"1
"
тайный,"1
"
анисимов,"1
"
запостить,"1
"
патреон,"1
"
экология,"1
"
изумительный,"1
"
мороз,"1
"
прохладно,"1
"
дубамик,"1
"
засаживать,"1
"
уродский,"1
"
дерево,"1
"
беспокоить,"1
"
пух,"1
"
тополиный,"1
"
деревосорняк,"1
"
вишня,"1
"
платан,"1
"
каштан,"1
"
покормить,"1
"
аааааааааааааааа,"1
"
злодей,"1
"
сплошь,"1
"
плебс,"1
"
гений,"1
"
финляндия,"1
"
вырезать,"1
"
элтон,"1
"
ориентиация,"1
"
неуверенный,"1
"
фиджи,"1
"
затусила,"1
"
катасонов,"1
"
заштопика,"1
"
продый,"1
"
съёмочный,"1
"
владеть,"1
"
нея,"1
"
химейер,"1
"
марвин,"1
"
подвиг,"1
"
комбо,"1
"
рамадан,"1
"
зрелище,"1
"
заметно,"1
"
активный,"1
"
сумасшествие,"1
"
нйт,"1
"
приземлиться,"1
"
агония,"1
"
депрессия,"1
"
нидерланды,"1
"
радовата,"1
"
озвучивать,"1
"
кор,"1
"
улюлюканье,"1
"
мучаять,"1
"
пестовать,"1
"
воспитывать,"1
"
спорый,"1
"
раствор,"1
"
нестор,"1
"
покоиться,"1
"
кладбище,"1
"
заправлять,"1
"
погрустить,"1
"
совка,"1
"
прятаться,"1
"
поделом,"1
"
девчонка,"1
"
мультикультурализм,"1
"
припадок,"1
"
корень,"1
"
амбиция,"1
"
правитель,"1
"
оценивать,"1
"
костюмчик,"1
"
водиться,"1
"
славный,"1
"
демиург,"1
"
мнить,"1
"
славить,"1
"
восточный,"1
"
волновать,"1
"
чума,"1
"
объятие,"1
"
задаться,"1
"
крестьянство,"1
"
скреп,"1
"
наломать,"1
"
дрова,"1
"
половить,"1
"
завезти,"1
"
горди,"1
"
провиниться,"1
"
шиза,"1
"
старообрядец,"1
"
сословный,"1
"
выро,"1
"
распустить,"1
"
николай,"1
"
учебник,"1
"
британский,"1
"
билль,"1
"
выпалить,"1
"
плод,"1
"
пожинать,"1
"
подневольность,"1
"
европить,"1
"
ущербный,"1
"
сверхприбыль,"1
"
декриминализация,"1
"
входить,"1
"
полагаться,"1
"
политота,"1
"
неправда,"1
"
непрофессионализм,"1
"
наглость,"1
"
фабрикация,"1
"
фабриканто,"1
"
конспирология,"1
"
насмехаться,"1
"
пытать,"1
"
предст,"1
"
развал,"1
"
футажа,"1
"
чернуха,"1
"
отснять,"1
"
сплетня,"1
"
оппо,"1
"
некоторый,"1
"
разнести,"1
"
ранд,"1
"
кулуар,"1
"
впаять,"1
"
палиться,"1
"
нарколаборатория,"1
"
кровать,"1
"
исказить,"1
"
дружно,"1
"
одетый,"1
"
эпизод,"1
"
редакция,"1
"
видок,"1
"
санктп,"1
"
репрессированный,"1
"
телефонный,"1
"
винокуров,"1
"
катенёк,"1
"
бора,"1
"
судно,"1
"
здоровье,"1
"
аааааааааааааааааааа,"1
"
винтить,"1
"
выхватить,"1
"
выхватывать,"1
"
перекрытие,"1
"
всюду,"1
"
загрустить,"1
"
радостный,"1
"
чейтый,"1
"
реформировать,"1
"
военизированный,"1
"
путинец,"1
"
разделить,"1
"
дистанцироваться,"1
"
тимченко,"1
"
колпак,"1
"
торопиться,"1
"
мстить,"1
"
отступить,"1
"
вынудить,"1
"
размазыв,"1
"
завет,"1
"
полюбоваться,"1
"
сотник,"1
"
саше,"1
"
интеврье,"1
"
затолкать,"1
"
конкурент,"1
"
появь,"1
"
пользователь,"1
"
порносайт,"1
"
разительн,"1
"
гонконгский,"1
"
сволочь,"1
"
журналиса,"1
"
присутствиия,"1
"
нестеров,"1
"
последовать,"1
"
заявлять,"1
"
указывать,"1
"
подтвержда,"1
"
департамент,"1
"
тасс,"1
"
ретвитнуть,"1
"
безопасно,"1
"
экспроприация,"1
"
лениться,"1
"
мгд,"1
"
выдвижение,"1
"
встать,"1
"
голуна,"1
"
молоко,"1
"
вилы,"1
"
уоо,"1
"
элита,"1
"
мгимо,"1
"
уволить,"1
"
страйк,"1
"
копирайт,"1
"
монтажик,"1
"
необход,"1
"
патриотизм,"1
"
грядущий,"1
"
подкаста,"1
"
выгонять,"1
"
приложить,"1
"
макулатура,"1
"
падать,"1
"
дошик,"1
"
посоветовать,"1
"
транзакция,"1
"
учитывать,"1
"
тейк,"1
"
забегать,"1
"
прослушок,"1
"
скрип,"1
"
переписать,"1
"
хрен,"1
"
подбирать,"1
"
ярослав,"1
"
справедливос,"1
"
рукописный,"1
"
лоскутов,"1
"
прош,"1
"
ярослава,"1
"
совместительство,"1
"
мемдилер,"1
"
перетащить,"1
"
мукк,"1
"
сайгин,"1
"
гра,"1
"
вышибить,"1
"
любэ,"1
"
високосный,"1
"
репертуар,"1
"
неискренний,"1
"
приторговывать,"1
"
артист,"1
"
выкупать,"1
"
тончить,"1
"
сдеть,"1
"
хор,"1
"
упор,"1
"
балаган,"1
"
интеллигентный,"1
"
звонок,"1
"
мило,"1
"
сказочка,"1
"
кулак,"1
"
махать,"1
"
отсмотреть,"1
"
лобстер,"1
"
хитрость,"1
"
руководить,"1
"
мелочность,"1
"
нечестно,"1
"
надя,"1
"
нейтральный,"1
"
база,"1
"
кормовой,"1
"
судилище,"1
"
питер,"1
"
лишиться,"1
"
дамба,"1
"
оппозица,"1
"
координационный,"1
"
несогласный,"1
"
гарри,"1
"
чемпион,"1
"
вальпургиев,"1
"
брести,"1
"
ахэгао,"1
"
кумовство,"1
"
боротьс,"1
"
расшифровать,"1
"
иго,"1
"
сжв,"1
"
консервы,"1
"
запр,"1
"
измеряться,"1
"
привлекательность,"1
"
шеймитя,"1
"
пыльный,"1
"
инстаграмщица,"1
"
вебкамщица,"1
"
серьёз,"1
"
шейдлин,"1
"
сокровище,"1
"
миротворец,"1
"
предъявлять,"1
"
женск,"1
"
приковать,"1
"
лисистрата,"1
"
обострённый,"1
"
навык,"1
"
низкий,"1
"
попрежний,"1
"
разборка,"1
"
маргинальный,"1
"
самоназвание,"1
"
доступность,"1
"
раздача,"1
"
выделить,"1
"
адресный,"1
"
стационарногий,"1
"
вл,"1
"
беззащитный,"1
"
побеждата,"1
"
зиждиться,"1
"
принуждение,"1
"
выражаться,"1
"
бандитский,"1
"
люстрир,"1
"
подисанный,"1
"
расширить,"1
"
невъездной,"1
"
фа,"1
"
постить,"1
"
корча,"1
"
наслаждаться,"1
"
фильтр,"1
"
подписной,"1
"
новопушкино,"1
"
ленинградский,"1
"
мост,"1
"
переплюнуть,"1
"
серб,"1
"
янкаускас,"1
"
листовка,"1
"
прохожий,"1
"
обступить,"1
"
реять,"1
"
оккупационный,"1
"
законодательство,"1
"
мосгоризбиркий,"1
"
прибывать,"1
"
переулок,"1
"
никитский,"1
"
стража,"1
"
горбунов,"1
"
памфиловец,"1
"
колонна,"1
"
манежка,"1
"
сотевижный,"1
"
зажимать,"1
"
разгон,"1
"
закипать,"1
"
швырнуть,"1
"
филя,"1
"
дьяченко,"1
"
привлечь,"1
"
кристализоваться,"1
"
выбо,"1
"
овд,"1
"
кандида,"1
"
плошадь,"1
"
разгар,"1
"
поправить,"1
"
сжать,"1
"
застенок,"1
"
проживать,"1
"
планета,"1
"
вписать,"1
"
строка,"1
"
аляска,"1
"
сенаторский,"1
"
маркауск,"1
"
росток,"1
"
безвкусица,"1
"
пустыня,"1
"
удобрять,"1
"
нил,"1
"
плодородный,"1
"
посыл,"1
"
разновидность,"1
"
ребус,"1
"
кан,"1
"
цик,"1
"
мудача,"1
"
объявлять,"1
"
неконкурентноспособный,"1
"
мудаческий,"1
"
ограничиваться,"1
"
стыдить,"1
"
волков,"1
"
недопуск,"1
"
решаться,"1
"
согласование,"1
"
звукоусилительный,"1
"
предыдущий,"1
"
быковать,"1
"
вымотаться,"1
"
организовывать,"1
"
фотка,"1
"
близкие,"1
"
воп,"1
"
стримить,"1
"
кандидатура,"1
"
патернализм,"1
"
поведенческий,"1
"
капелюшников,"1
"
ростислав,"1
"
уголовка,"1
"
откладывать,"1
"
дантист,"1
"
посещение,"1
"
выго,"1
"
жена,"1
"
красочный,"1
"
предотвращать,"1
"
выигрывать,"1
"
июль,"1
"
разнос,"1
"
пошлый,"1
"
дацик,"1
"
полицейск,"1
"
добивать,"1
"
избирком,"1
"
препятствовать,"1
"
ответственный,"1
"
поверженный,"1
"
запугивание,"1
"
социолог,"1
"
удержануть,"1
"
насильственный,"1
"
федерализм,"1
"
миграционный,"1
"
политиковый,"1
"
вадим,"1
"
молодой,"1
"
вре,"1
"
полигон,"1
"
мусорный,"1
"
полоса,"1
"
затопить,"1
"
амурский,"1
"
сибирь,"1
"
зарегистрировать,"1
"
волна,"1
"
истерика,"1
"
последствие,"1
"
злить,"1
"
помои,"1
"
тратить,"1
"
невыгодный,"1
"
тушить,"1
"
камергерский,"1
"
импровизированный,"1
"
омоновец,"1
"
прервать,"1
"
забурдяева,"1
"
безвыходный,"1
"
разлюбить,"1
"
смерд,"1
"
пальчик,"1
"
оттопырить,"1
"
анатолий,"1
"
осадный,"1
"
многое,"1
"
бездарно,"1
"
эйфория,"1
"
признаться,"1
"
вдохновлять,"1
"
саха,"1
"
бойня,"1
"
повторение,"1
"
рядовой,"1
"
подмен,"1
"
провернуть,"1
"
выдвинуть,"1
"
предложить,"1
"
возобновить,"1
"
какиелибо,"1
"
шествие,"1
"
вариант,"1
"
изба,"1
"
хвастаться,"1
"
представитель,"1
"
одуматься,"1
"
сибирский,"1
"
пескова,"1
"
послание,"1
"
неполадка,"1
"
мишин,"1
"
воспроизведение,"1
"
неприветливый,"1
"
односложно,"1
"
следователь,"1
"
подписывать,"1
"
талантливый,"1
"
безусловно,"1
"
настроение,"1
"
лидер,"1
"
стояние,"1
"
вырождение,"1
"
задушить,"1
"
юбилей,"1
"
текущий,"1
"
рифма,"1
"
любопытный,"1
"
пушкинский,"1
"
компромиссный,"1
"
буревестник,"1
"
взрыв,"1
"
живительный,"1
"
рутениевый,"1
"
прямиком,"1
"
выкатиться,"1
"
бессрочный,"1
"
иванов,"1
"
гуд,"1
"
бессрочки,"1
"
уголовник,"1
"
преследовать,"1
"
наруш,"1
"
фальсифицировать,"1
"
публично,"1
"
банда,"1
"
цивилиза,"1
"
увязнуть,"1
"
охарактеризовать,"1
"
моралист,"1
"
утилитарист,"1
"
сотовый,"1
"
школьник,"1
"
сын,"1
"
учащийся,"1
"
лишнега,"1
"
экзальтированный,"1
"
драма,"1
"
пресный,"1
"
разочаровать,"1
"
герцен,"1
"
рожок,"1
"
макароны,"1
"
суп,"1
"
вермишелевый,"1
"
постанархист,"1
"
иной,"1
"
короткий,"1
"
ощутить,"1
"
памятка,"1
"
обрет,"1
"
пабликовый,"1
"
панчвидзе,"1
"
роберто,"1
"
нозикома,"1
"
кант,"1
"
харя,"1
"
световаегор,"1
"
клеточка,"1
"
разводка,"1
"
злость,"1
"
дальнейший,"1
"
сняться,"1
"
немедленно,"1
"
дезертирство,"1
"
выработка,"1
"
повышать,"1
"
рекорд,"1
"
основа,"1
"
какихлибо,"1
"
ода,"1
"
статусакво,"1
"
богатство,"1
"
ретвитит,"1
"
самоназваться,"1
"
найдёщь,"1
"
укладываться,"1
"
касамара,"1
"
урнов,"1
"
правление,"1
"
сало,"1
"
голубой,"1
"
унисон,"1
"
сурковский,"1
"
самовыдвиженец,"1
"
продвигать,"1
"
потомок,"1
"
тапочки,"1
"
ляскина,"1
"
подробный,"1
"
словно,"1
"
нтв,"1
"
нагнать,"1
"
раскаяться,"1
"
никак,"1
"
продол,"1
"
воронка,"1
"
несанкец,"1
"
перепост,"1
"
гламурный,"1
"
неконституционный,"1
"
госа,"1
"
антиконституционный,"1
"
существующий,"1
"
неизвестно,"1
"
административный,"1
"
унитаз,"1
"
ёршик,"1
"
бурятия,"1
"
трое,"1
"
юлий,"1
"
симка,"1
"
независимост,"1
"
китайский,"1
"
гонконгец,"1
"
сокамерник,"1
"
оруэлла,"1
"
ходора,"1
"
кашин,"1
"
коваленко,"1
"
наблюдение,"1
"
выбрать,"1
"
дурацкий,"1
"
влад,"1
"
выгодать,"1
"
сериальный,"1
"
трансметрополитан,"1
"
вочмена,"1
"
национа,"1
"
мирно,"1
"
котов,"1
"
дадинской,"1
"
расчехлить,"1
"
зампра,"1
"
коснуться,"1
"
повторный,"1
"
поумнеть,"1
"
росся,"1
"
исключить,"1
"
попра,"1
"
участвие,"1
"
состав,"1
"
зачитывать,"1
"
присутствующий,"1
"
нагрубить,"1
"
спецоперация,"1
"
пленум,"1
"
соответствие,"1
"
противозаконность,"1
"
предвзятость,"1
"
высказать,"1
"
необъяснимый,"1
"
де,"1
"
сократить,"1
"
сирена,"1
"
рег,"1
"
подставной,"1
"
забивать,"1
"
оберегать,"1
"
беглов,"1
"
бюллетения,"1
"
вбрасывать,"1
"
тренировать,"1
"
вбр,"1
"
продолжиться,"1
"
треск,"1
"
последить,"1
"
алёхина,"1
"
мария,"1
"
запачкать,"1
"
рассуждать,"1
"
сработать,"1
"
загадывать,"1
"
обнадёживать,"1
"
нелегитимный,"1
"
одержать,"1
"
дикость,"1
"
санктпетербург,"1
"
переместить,"1
"
едра,"1
"
уик,"1
"
ден,"1
"
владимирский,"1
"
жесть,"1
"
топоров,"1
"
бегловщина,"1
"
печать,"1
"
объехать,"1
"
отправляться,"1
"
исправимый,"1
"
мметься,"1
"
доехать,"1
"
перерыв,"1
"
подарок,"1
"
высылать,"1
"
томск,"1
"
приоритет,"1
"
зарегистрироваться,"1
"
сыграть,"1
"
доказывать,"1
"
фикус,"1
"
перема,"1
"
разрушить,"1
"
вбросовый,"1
"
лузина,"1
"
клямара,"1
"
отрефлексировать,"1
"
миллениал,"1
"
чернухина,"1
"
увезти,"1
"
начальство,"1
"
проговорить,"1
"
организаци,"1
"
оппозиционный,"1
"
лов,"1
"
внести,"1
"
соколовский,"1
"
разуметься,"1
"
блокчейн,"1
"
храниться,"1
"
комп,"1
"
зрелый,"1
"
поиграть,"1
"
горячий,"1
"
человый,"1
"
е,"1
"
закрасить,"1
"
вредитель,"1
"
фасад,"1
"
недалёкий,"1
"
трущебах,"1
"
наказуемый,"1
"
инициатива,"1
"
ненасилие,"1
"
воспринимать,"1
"
зарегестрироваться,"1
"
лг,"1
"
бронь,"1
"
надавить,"1
"
доложить,"1
"
новотель,"1
"
пурнаволок,"1
"
двина,"1
"
наб,"1
"
попирать,"1
"
ресепшено,"1
"
предприниматель,"1
"
кошмарить,"1
"
обязательство,"1
"
деловой,"1
"
сотрудничать,"1
"
заведение,"1
"
рейтинг,"1
"
обваливать,"1
"
сатисфакция,"1
"
темна,"1
"
дочитать,"1
"
расписание,"1
"
невнимательно,"1
"
мечь,"1
"
обоюдно,"1
"
видти,"1
"
иваново,"1
"
чё,"1
"
осокин,"1
"
каролина,"1
"
университет,"1
"
окн,"1
"
забить,"1
"
теоретик,"1
"
зарезервировать,"1
"
предварительный,"1
"
необычный,"1
"
кострома,"1
"
отчаять,"1
"
якутский,"1
"
ранее,"1
"
взятка,"1
"
получение,"1
"
коллега,"1
"
пиратский,"1
"
парламент,"1
"
доламывать,"1
"
дрожать,"1
"
перезвонить,"1
"
анонсироваться,"1
"
гуляние,"1
"
врать,"1
"
мотофестиваль,"1
"
непосилить,"1
"
ненужный,"1
"
подписать,"1
"
выродиться,"1
"
резервный,"1
"
прорвать,"1
"
предлог,"1
"
надуманный,"1
"
сплошной,"1
"
мерооприятие,"1
"
лофт,"1
"
ликерка,"1
"
сбор,"1
"
опоздание,"1
"
поздний,"1
"
минчин,"1
"
тим,"1
"
всемирно,"1
"
таргет,"1
"
размещать,"1
"
оди,"1
"
самоубиться,"1
"
подстава,"1
"
сослуживец,"1
"
ульянов,"1
"
обрасти,"1
"
слу,"1
"
чут,"1
"
распивание,"1
"
шрифт,"1
"
мелкий,"1
"
обыскать,"1
"
приветствовать,"1
"
пообщий,"1
"
брянск,"1
"
физический,"1
"
молотый,"1
"
пакт,"1
"
мид,"1
"
предшественник,"1
"
отличительный,"1
"
быт,"1
"
оплата,"1
"
обз,"1
"
конференцзал,"1
"
заслать,"1
"
дубровинский,"1
"
набережная,"1
"
владелица,"1
"
арендовать,"1
"
провый,"1
"
видеокамера,"1
"
крепкий,"1
"
подъехать,"1
"
пакет,"1
"
протолкнуть,"1
"
найтись,"1
"
срыв,"1
"
оправдываться,"1
"
губернатор,"1
"
клычкова,"1
"
давалштир,"1
"
прекрасеноргать,"1
"
поделиться,"1
"
белгород,"1
"
приглашение,"1
"
глуховский,"1
"
внебрачный,"1
"
индонезия,"1
"
суицид,"1
"
беспомощность,"1
"
прививать,"1
"
уберечь,"1
"
круговой,"1
"
врачебный,"1
"
эрлихо,"1
"
кардиолог,"1
"
одиночный,"1
"
неуважение,"1
"
личностьприкасатьсяпроявлять,"1
"
россииустанавливать,"1
"
пострый,"1
"
вдоль,"1
"
пенза,"1
"
открываться,"1
"
ворот,"1
"
посторонна,"1
"
увести,"1
"
дружиннник,"1
"
едва,"1
"
посторонний,"1
"
непростой,"1
"
твц,"1
"
неакредитовать,"1
"
нанять,"1
"
просечь,"1
"
повезти,"1
"
всеготь,"1
"
упоминать,"1
"
неизбежный,"1
"
джорнать,"1
"
стрит,"1
"
уолл,"1
"
передовица,"1
"
умеренность,"1
"
порка,"1
"
экстремизм,"1
"
гансгерман,"1
"
тир,"1
"
мыть,"1
"
обострение,"1
"
ульяновск,"1
"
медеведа,"1
"
наследникамедвежонка,"1
"
жертвовать,"1
"
неограниченно,"1
"
готовность,"1
"
неизба,"1
"
посторон,"1
"
электрик,"1
"
предложение,"1
"
позвониить,"1
"
регистр,"1
"
переноситься,"1
"
альсоля,"1
"
бар,"1
"
рябинин,"1
"
сориена,"1
"
анонсировать,"1
"
зритель,"1
"
пересесть,"1
"
свернуться,"1
"
мозг,"1
"
белка,"1
"
сгруппироваться,"1
"
чат,"1
"
возражать,"1
"
афт,"1
"
познакомиться,"1
"
поворачиваться,"1
"
стрелочка,"1
"
варваризация,"1
"
поть,"1
"
строгоча,"1
"
сжечь,"1
"
донатит,"1
"
кадр,"1
"
синхронист,"1
"
залог,"1
"
масштабный,"1
"
снаружи,"1
"
мит,"1
"
академичный,"1
"
обидеть,"1
"
либертарь,"1
"
бэкстейдж,"1
"
попроссить,"1
"
оригинал,"1
"
сбить,"1
"
простолюдин,"1
"
ставрополь,"1
"
ростовенадон,"1
"
микрофон,"1
"
усиление,"1
"
колонка,"1
"
нода,"1
"
даааааа,"1
"
поменять,"1
"
киндзадз,"1
"
окно,"1
"
депрессивный,"1
"
очередно,"1
"
терминал,"1
"
газовый,"1
"
строительство,"1
"
потеплист,"1
"
секта,"1
"
газпром,"1
"
выжженна,"1
"
шаг,"1
"
самоуправль,"1
"
бомж,"1
"
ночлежка,"1
"
проголо,"1
"
симоньяновщина,"1
"
попереть,"1
"
моргнуть,"1
"
оправдань,"1
"
номенк,"1
"
благотворительность,"1
"
казённый,"1
"
переобуться,"1
"
толкование,"1
"
трубовать,"1
"
нахуй,"1
"
посвятить,"1
"
ельцин,"1
"
племянник,"1
"
настойчиво,"1
"
ощущать,"1
"
тверь,"1
"
антин,"1
"
погордиться,"1
"
мейерхольд,"1
"
лететь,"1
"
бездомный,"1
"
государс,"1
"
самопровозгласить,"1
"
ассоции,"1
"
позабыть,"1
"
долина,"1
"
голт,"1
"
возникновение,"1
"
индивидуальный,"1
"
зашить,"1
"
подразумевать,"1
"
понить,"1
"
коммуналка,"1
"
примерно,"1
"
фунда,"1
"
протить,"1
"
интерпретация,"1
"
обработка,"1
"
анализ,"1
"
выборочный,"1
"
основать,"1
"
зорг,"1
"
рихард,"1
"
сорок,"1
"
вериться,"1
"
мясорубка,"1
"
напоминание,"1
"
дежурный,"1
"
чле,"1
"
направить,"1
"
грабёж,"1
"
проникновение,"1
"
взлом,"1
"
тради,"1
"
макаров,"1
"
тв,"1
"
примета,"1
"
врлмть,"1
"
сформулир,"1
"
фигурировать,"1
"
площить,"1
"
концертный,"1
"
запугать,"1
"
домина,"1
"
расхваливать,"1
"
слетать,"1
"
подойти,"1
"
безопасник,"1
"
новосиб,"1
"
экс,"1
"
госорган,"1
"
зая,"1
"
пикетировать,"1
"
организоватый,"1
"
гордиться,"1
"
сре,"1
"
служить,"1
"
патриот,"1
"
слушатель,"1
"
упрекнуть,"1
"
дитскриминация,"1
"
подвергнуть,"1
"
нодовца,"1
"
тюменский,"1
"
ведомость,"1
"
поместить,"1
"
соседний,"1
"
коридор,"1
"
чит,"1
"
мебельный,"1
"
отважный,"1
"
людьма,"1
"
косметический,"1
"
испанский,"1
"
приближаться,"1
"
нз,"1
"
расписаться,"1
"
пров,"1
"
автономия,"1
"
широкий,"1
"
сущий,"1
"
концепция,"1
"
геополитика,"1
"
метастаз,"1
"
раковый,"1
"
полицо,"1
"
забрало,"1
"
хрупкий,"1
"
сметь,"1
"
чашечка,"1
"
заживо,"1
"
сварить,"1
"
суметь,"1
"
штатский,"1
"
убермаргинал,"1
"
россияафрик,"1
"
саммит,"1
"
неполикорректный,"1
"
обожать,"1
"
ин,"1
"
сиапресс,"1
"
портал,"1
"
сургутский,"1
"
внутрипартийный,"1
"
занятый,"1
"
миз,"1
"
раскол,"1
"
гансомгерман,"1
"
передышка,"1
"
свалиться,"1
"
проверка,"1
"
доследственный,"1
"
помойный,"1
"
двое,"1
"
капюшон,"1
"
агриться,"1
"
длинноволосый,"1
"
мразот,"1
"
убегать,"1
"
разрушитель,"1
"
постановление,"1
"
признание,"1
"
настоящее,"1
"
стор,"1
"
пострадать,"1
"
перспектива,"1
"
холивар,"1
"
тупичок,"1
"
соколов,"1
"
разведопрос,"1
"
пучок,"1
"
пароль,"1
"
взломать,"1
"
попов,"1
"
прокурор,"1
"
архитектор,"1
"
заграничный,"1
"
гардемарин,"1
"
нельсон,"1
"
вилли,"1
"
монолог,"1
"
информатизировать,"1
"
взяться,"1
"
гостиница,"1
"
записаться,"1
"
берлин,"1
"
местами,"1
"
святой,"1
"
вакханалия,"1
"
управление,"1
"
перениматель,"1
"
шав,"1
"
турецкий,"1
"
заправка,"1
"
сосиска,"1
"
насильно,"1
"
укладывать,"1
"
регулы,"1
"
дополнительный,"1
"
обкладывать,"1
"
отменять,"1
"
перёв,"1
"
ночью,"1
"
опутать,"1
"
распространяться,"1
"
харчевня,"1
"
этнический,"1
"
собство,"1
"
бизна,"1
"
прибыть,"1
"
концентрироваться,"1
"
капитал,"1
"
регуляция,"1
"
поразить,"1
"
левизна,"1
"
собирательный,"1
"
собират,"1
"
столкнуться,"1
"
прикинуть,"1
"
показной,"1
"
польстить,"1
"
законодательный,"1
"
одобрять,"1
"
дубудать,"1
"
ди,"1
"
лапа,"1
"
насесть,"1
"
цепляться,"1
"
авша,"1
"
ограничить,"1
"
мудровать,"1
"
ааааааааааааааа,"1
"
нетривиальный,"1
"
подключать,"1
"
либертиарианство,"1
"
постанарх,"1
"
рендрита,"1
"
потеплить,"1
"
постструктурализм,"1
"
мастридер,"1
"
сарапул,"1
"
ббски,"1
"
зап,"1
"
неагрессия,"1
"
справа,"1
"
слева,"1
"
развитый,"1
"
прецедентный,"1
"
трактат,"1
"
другдруг,"1
"
вкусовщина,"1
"
чудо,"1
"
обыкновенный,"1
"
лучшть,"1
"
постирония,"1
"
силённый,"1
"
люстраци,"1
"
рифмоваться,"1
"
забаня,"1
"
пожалуй,"1
"
бредни,"1
"
скажем,"1
"
идеологический,"1
"
солидарный,"1
"
исправиться,"1
"
азиатчина,"1
"
обслуживать,"1
"
выд,"1
"
неумение,"1
"
хентай,"1
"
приговорить,"1
"
фермер,"1
"
осетровый,"1
"
краснокнижный,"1
"
истребить,"1
"
слон,"1
"
тигровый,"1
"
пролоббировать,"1
"
процветать,"1
"
фермерство,"1
"
слоновый,"1
"
полоббировать,"1
"
тоть,"1
"
дадада,"1
"
номальный,"1
"
цивилизовать,"1
"
браконьер,"1
"
коста,"1
"
сбыт,"1
"
охота,"1
"
ликвидный,"1
"
окопаться,"1
"
оч,"1
"
ожидание,"1
"
куратор,"1
"
рис,"1
"
предостережение,"1
"
обучение,"1
"
семейный,"1
"
почувствовать,"1
"
компрачикос,"1
"
опека,"1
"
опасность,"1
"
удобный,"1
"
нетакойкаквс,"1
"
хором,"1
"
именна,"1
"
депутут,"1
"
россиянин,"1
"
вредить,"1
"
отчитывать,"1
"
солидарность,"1
"
студенческий,"1
"
вышкинец,"1
"
заехать,"1
"
вечный,"1
"
выталкивать,"1
"
дежурить,"1
"
красоваться,"1
"
вытолкать,"1
"
силой,"1
"
финансирование,"1
"
ограбить,"1
"
пьюдипай,"1
"
пахнуть,"1
"
социалочка,"1
"
бонус,"1
"
стремиться,"1
"
ефрем,"1
"
мрк,"1
"
максимальный,"1
"
розыск,"1
"
мчс,"1
"
понятой,"1
"
айпад,"1
"
компьютер,"1
"
стародубовский,"1
"
анастасия,"1
"
забрать,"1
"
ефремов,"1
"
плюшевый,"1
"
саша,"1
"
залиночка,"1
"
отрываться,"1
"
воспользоваться,"1
"
промокод,"1
"
беречь,"1
"
короче,"1
"
раппопорт,"1
"
задумываться,"1
"
школахдетдом,"1
"
директриса,"1
"
размыть,"1
"
медийный,"1
"
вердикт,"1
"
рабо,"1
"
неправосудный,"1
"
символизм,"1
"
мощный,"1
"
подъезжать,"1
"
тверской,"1
"
назначить,"1
"
чирец,"1
"
фадеев,"1
"
справилис,"1
"
связно,"1
"
отпечататься,"1
"
пристав,"1
"
прорваться,"1
"
достоверность,"1
"
установить,"1
"
обладать,"1
"
специалист,"1
"
испытательный,"1
"
жительство,"1
"
заключение,"1
"
молодцом,"1
"
пробиваться,"1
"
экзекуция,"1
"
нависать,"1
"
мартинцы,"1
"
скрючить,"1
"
остервенеть,"1
"
подсудимый,"1
"
противоправный,"1
"
подзащитный,"1
"
скд,"1
"
аплодисм,"1
"
постель,"1
"
ночевать,"1
"
отвага,"1
"
небезразличие,"1
"
автокорректор,"1
"
передумать,"1
"
ретвитить,"1
"
стыдный,"1
"
гендерный,"1
"
смертность,"1
"
сознание,"1
"
уборка,"1
"
питтерсон,"1
"
заново,"1
"
отрыть,"1
"
отшутить,"1
"
петерсон,"1
"
расчехлять,"1
"
зигота,"1
"
субъектность,"1
"
женщий,"1
"
ноша,"1
"
несправедливость,"1
"
тоска,"1
"
патриархат,"1
"
созидание,"1
"
лоскут,"1
"
заказ,"1
"
парк,"1
"
распоряжение,"1
"
задалбываться,"1
"
начитаться,"1
"
томтый,"1
"
гопник,"1
"
малышевский,"1
"
монтажный,"1
"
искромётный,"1
"
люстрировать,"1
"
легализовать,"1
"
наркобарон,"1
"
гов,"1
"
консервированный,"1
"
анонимный,"1
"
пожелать,"1
"
чисто,"1
"
произведение,"1
"
подорожать,"1
"
заводиться,"1
"
налик,"1
"
выводить,"1
"
дорожа,"1
"
деятель,"1
"
вместиться,"1
"
теряться,"1
"
перевести,"1
"
бабла,"1
"
скочий,"1
"
щщь,"1
"
сход,"1
"
помпида,"1
"
ходьба,"1
"
минувший,"1
"
философский,"1
"
ихтый,"1
"
жаловаться,"1
"
трогать,"1
"
яв,"1
"
верёвка,"1
"
известно,"1
"
гуглита,"1
"
ха,"1
"
перфоманс,"1
"
респектуй,"1
"
отреспектовать,"1
"
приследовать,"1
"
иммиграция,"1
"
мюнхен,"1
"
нищенствовать,"1
"
молодёжь,"1
"
голодать,"1
"
поразительно,"1
"
наворовать,"1
"
соседство,"1
"
отморозить,"1
"
защититься,"1
"
сотрудничество,"1
"
вступить,"1
"
риторика,"1
"
ультралевый,"1
"
пиночет,"1
"
чили,"1
"
автократ,"1
"
течение,"1
"
термин,"1
"
бессмысленный,"1
"
клептократия,"1
"
левыйправый,"1
"
деление,"1
"
допрашивать,"1
"
гордость,"1
"
оценить,"1
"
вордпра,"1
"
нетфликс,"1
"
понадобь,"1
"
евросоциалист,"1
"
прокатить,"1
"
край,"1
"
глобализация,"1
"
оформить,"1
"
величина,"1
"
прирост,"1
"
естественный,"1
"
выяснить,"1
"
консервировать,"1
"
левачество,"1
"
либер,"1
"
заестись,"1
"
дразнить,"1
"
превратить,"1
"
зарегулировать,"1
"
вмешаться,"1
"
запасть,"1
"
компля,"1
"
товарноденежный,"1
"
исчерпываться,"1
"
справка,"1
"
заставлять,"1
"
гост,"1
"
рожать,"1
"
корёжить,"1
"
радикал,"1
"
троцкистовзиновьевец,"1
"
центризм,"1
"
осудить,"1
"
решительно,"1
"
сизый,"1
"
конон,"1
"
миняйло,"1
"
отсылка,"1
"
считывать,"1
"
динамика,"1
"
показатель,"1
"
хвалить,"1
"
голосо,"1
"
теор,"1
"
интернационал,"1
"
запреть,"1
"
перечисление,"1
"
вспомнать,"1
"
ассоциаци,"1
"
мена,"1
"
австрия,"1
"
додавить,"1
"
англичанин,"1
"
саботаж,"1
"
оооо,"1
"
посвящать,"1
"
проявление,"1
"
анклав,"1
"
постапокалиптический,"1
"
самоуверенный,"1
"
румскейл,"1
"
ай,"1
"
вайва,"1
"
недостижимый,"1
"
прям,"1
"
докапываться,"1
"
гиф,"1
"
импичма,"1
"
дудаков,"1
"
малек,"1
"
замах,"1
"
слежка,"1
"
кошмаритя,"1
"
огнестрела,"1
"
лубянка,"1
"
долг,"1
"
березовский,"1
"
кудрявцев,"1
"
задолго,"1
"
лик,"1
"
украсить,"1
"
головной,"1
"
обещание,"1
"
татарский,"1
"
чаять,"1
"
будничный,"1
"
стрелка,"1
"
находка,"1
"
бюро,"1
"
морально,"1
"
обронить,"1
"
новогодний,"1
"
заба,"1
"
отследить,"1
"
мобильный,"1
"
указатель,"1
"
читаться,"1
"
распрострать,"1
"
шляпа,"1
"
носить,"1
"
отвыкнуть,"1
"
попр,"1
"
лезть,"1
"
рельс,"1
"
шапочка,"1
"
уронить,"1
"
смириться,"1
"
обм,"1
"
бродский,"1
"
судебный,"1
"
характеризовать,"1
"
шаведдинов,"1
"
похищение,"1
"
рисунок,"1
"
о создание,"1
"
по дело,"1
"
в восемь,"1
"
полухин,"1
"
журналистка,"1
"
кукожа,"1
"
исповедовать,"1
"
панельный,"1
"
тесный,"1
"
бедно,"1
"
подбро,"1
"
фёдоров,"1
"
дмитрия,"1
"
обезглавить,"1
"
культурна,"1
"
икона,"1
"
нееет,"1
"
самосознание,"1
"
металлодетектор,"1
"
людный,"1
"
электростатический,"1
"
аудиофил,"1
"
усилитея,"1
"
экосистема,"1
"
консервный,"1
"
чередовать,"1
"
зач,"1
"
шоурум,"1
"
питание,"1
"
беспроводный,"1
"
порт,"1
"
оторвать,"1
"
электростат,"1
"
акиб,"1
"
необычайно,"1
"
стакса,"1
"
мука,"1
"
обрести,"1
"
сохраниться,"1
"
создание,"1
"
преуспеть,"1
"
непопулярный,"1
"
кон,"1
"
якорный,"1
"
хм,"1
"
исерпывать,"1
"
каламбур,"1
"
масштаб,"1
"
суждени,"1
"
оценочный,"1
"
тож,"1
"
тождество,"1
"
включительно,"1
"
приплетать,"1
"
лунгина,"1
"
умудряться,"1
"
рождественский,"1
"
хакасия,"1
"
устаревать,"1
"
ныне,"1
"
ролл,"1
"
хачапури,"1
"
россыпь,"1
"
черномырдин,"1
"
арбитр,"1
"
схлестнуться,"1
"
опечатка,"1
"
веллер,"1
"
трижды,"1
"
уговаривать,"1
"
задонатит,"1
"
приоритетный,"1
"
распределяться,"1
"
утвердить,"1
"
куку,"1
"
инст,"1
"
забанить,"1
"
валюта,"1
"
фиатный,"1
"
войнушко,"1
"
тёрка,"1
"
затащить,"1
"
веселух,"1
"
спенсер,"1
"
ричард,"1
"
этностейт,"1
"
нацик,"1
"
шуя,"1
"
пейринг,"1
"
айатолл,"1
"
развлечение,"1
"
бомбить,"1
"
порусски,"1
"
двусмысленность,"1
"
ироничный,"1
"
испепеление,"1
"
проклятие,"1
"
ааааааааахахаэ,"1
"
альтрайт,"1
"
актуальность,"1
"
терять,"1
"
солидаризироваться,"1
"
биотопливо,"1
"
показаться,"1
"
невероятно,"1
"
халиф,"1
"
буржа,"1
"
ненадолго,"1
"
экон,"1
"
эмират,"1
"
колхозный,"1
"
дорогобогато,"1
"
воспитать,"1
"
шанхай,"1
"
весна,"1
"
выпасть,"1
"
зима,"1
"
выводок,"1
"
никаба,"1
"
польза,"1
"
прыжок,"1
"
ввести,"1
"
ндс,"1
"
минимальный,"1
"
прилагать,"1
"
пошеймитя,"1
"
попутать,"1
"
освоить,"1
"
чеченка,"1
"
консерватор,"1
"
подорвать,"1
"
выезжать,"1
"
гоповать,"1
"
совпасть,"1
"
встретить,"1
"
разбивать,"1
"
селфач,"1
"
тём,"1
"
контрреволюция,"1
"
верующий,"1
"
мотив,"1
"
глубокий,"1
"
задерживаться,"1
"
рейс,"1
"
обстановка,"1
"
покрыться,"1
"
ливневка,"1
"
слива,"1
"
накло,"1
"
заморачиваться,"1
"
пересчитываться,"1
"
бодро,"1
"
игрушка,"1
"
полевой,"1
"
однажды,"1
"
ведьмак,"1
"
комикс,"1
"
толкиен,"1
"
коми,"1
"
космос,"1
"
фэнтезифэнтези,"1
"
превратиться,"1
"
эскапизм,"1
"
кайф,"1
"
звёздный,"1
"
нишев,"1
"
масскульт,"1
"
нишевыя,"1
"
леветь,"1
"
ворхаммер,"1
"
экранизация,"1
"
оперный,"1
"
саймак,"1
"
берджес,"1
"
энтони,"1
"
кларк,"1
"
артур,"1
"
брэдбрать,"1
"
огий,"1
"
разнообразие,"1
"
ведьма,"1
"
древний,"1
"
хоррор,"1
"
психологический,"1
"
сыгранный,"1
"
доморощенный,"1
"
противостоять,"1
"
убедить,"1
"
ориентироваться,"1
"
концентрационный,"1
"
могила,"1
"
безымянный,"1
"
организм,"1
"
полоний,"1
"
доза,"1
"
воздействие,"1
"
изучить,"1
"
одолжение,"1
"
разберё,"1
"
вкусовщий,"1
"
снятьпрописать,"1
"
рёж,"1
"
атмосфера,"1
"
бублик,"1
"
сцаентизм,"1
"
симпатичный,"1
"
заблуждение,"1
"
вич,"1
"
рая,"1
"
прота,"1
"
конституци,"1
"
отстранять,"1
"
анкап,"1
"
сдережировать,"1
"
прогнозировать,"1
"
медвежонок,"1
"
наследник,"1
"
наловиться,"1
"
вдоволь,"1
"
мелить,"1
"
вопиять,"1
"
процитировать,"1
"
дост,"1
"
прикладываться,"1
"
помоечный,"1
"
премьера,"1
"
кресло,"1
"
регнум,"1
"
увеличиться,"1
"
вживую,"1
"
мишустин,"1
"
организоваться,"1
"
суперпрезидентск,"1
"
облегчение,"1
"
опора,"1
"
презрительный,"1
"
сквозить,"1
"
выражать,"1
"
разочарование,"1
"
маршенкулов,"1
"
шовинист,"1
"
разочароваться,"1
"
обидеться,"1
"
фиксировать,"1
"
сильна,"1
"
колличество,"1
"
конструктивный,"1
"
неконфликтный,"1
"
душный,"1
"
вандализм,"1
"
протестовать,"1
"
зависть,"1
"
близлежащий,"1
"
заполонить,"1
"
окуклиться,"1
"
эхокомната,"1
"
дема,"1
"
остаток,"1
"
лишать,"1
"
рояль,"1
"
деятельно,"1
"
михалков,"1
"
челов,"1
"
футболка,"1
"
удостоверение,"1
"
прокатный,"1
"
отозвать,"1
"
скриншот,"1
"
рпц,"1
"
атеизм,"1
"
воинствующий,"1
"
десакрализация,"1
"
отчаяться,"1
"
кухарка,"1
"
ленинский,"1
"
квалифицировать,"1
"
побасёнка,"1
"
басманный,"1
"
пус,"1
"
подруга,"1
"
фокс,"1
"
практи,"1
"
постулат,"1
"
титул,"1
"
попутно,"1
"
вискарика,"1
"
этатистый,"1
"
какоеть,"1
"
процессит,"1
"
заказать,"1
"
ипштейн,"1
"
красноярский,"1
"
коронавирус,"1
"
эбола,"1
"
грипп,"1
"
свиной,"1
"
близость,"1
"
непосредстенный,"1
"
тусовка,"1
"
соглашение,"1
"
мюнхенский,"1
"
чемберлен,"1
"
девлина,"1
"
моргана,"1
"
навязать,"1
"
сталкиваться,"1
"
блять,"1
"
тол,"1
"
молодёжный,"1
"
гомофобной,"1
"
отворачиваться,"1
"
целоваться,"1
"
присутствовать,"1
"
нормализация,"1
"
ща,"1
"
обороняться,"1
"
гом,"1
"
сосуться,"1
"
пошло,"1
"
некрасиво,"1
"
поинт,"1
"
сыпаться,"1
"
крепко,"1
"
самовыражаться,"1
"
червяк,"1
"
земляной,"1
"
шатать,"1
"
вдумчиво,"1
"
воспитание,"1
"
ценить,"1
"
прочувствовать,"1
"
распинать,"1
"
велеть,"1
"
вперёд,"1
"
марксист,"1
"
заразить,"1
"
избавить,"1
"
технокоммунист,"1
"
обида,"1
"
внутривидовой,"1
"
бумера,"1
"
феминист,"1
"
наступательный,"1
"
висконсин,"1
"
включение,"1
"
майк,"1
"
гулаг,"1
"
технокоммунистический,"1
"
парадокс,"1
"
безупречный,"1
"
пересматривать,"1
"
относить,"1
"
стр,"1
"
упоительно,"1
"
тунберг,"1
"
прадед,"1
"
тунберговский,"1
"
таки,"1
"
кенгуру,"1
"
коронный,"1
"
потепление,"1
"
измученный,"1
"
лягушка,"1
"
налететь,"1
"
саранча,"1
"
пометка,"1
"
календарик,"1
"
прекращать,"1
"
сл,"1
"
непоколебимый,"1
"
вселять,"1
"
динозавр,"1
"
круглый,"1
"
проверь,"1
"
графен,"1
"
смеяться,"1
"
настаивать,"1
"
уважаемый,"1
"
забава,"1
"
троллинг,"1
"
хлипко,"1
"
всег,"1
"
чег,"1
"
хабов,"1
"
транспортный,"1
"
симбиоз,"1
"
вансван,"1
"
кентук,"1
"
останавливаться,"1
"
объединить,"1
"
безоружность,"1
"
вооруж,"1
"
орало,"1
"
панорама,"1
"
воспроизводить,"1
"
околачиваться,"1
"
напис,"1
"
таблетка,"1
"
анархизм,"1
"
таран,"1
"
глобализм,"1
"
заголовок,"1
"
потереть,"1
"
жалеть,"1
"
гнев,"1
"
фейковы,"1
"
напряжение,"1
"
трейлер,"1
"
хорроров,"1
"
минималистичный,"1
"
подчёрк,"1
"
стилизация,"1
"
коварный,"1
"
минимализм,"1
"
посредственный,"1
"
шарить,"1
"
контры,"1
"
визуальный,"1
"
характер,"1
"
напрячь,"1
"
раскритиковать,"1
"
захвалить,"1
"
солнцестояние,"1
"
арановск,"1
"
семьдесят,"1
"
тетчер,"1
"
маргарета,"1
"
эк,"1
"
название,"1
"
жопа,"1
"
дэниала,"1
"
эволюционировать,"1
"
дубынин,"1
"
вячеслав,"1
"
мгу,"1
"
физиология,"1
"
кафедра,"1
"
офф,"1
"
тёрн,"1
"
инстант,"1
"
быв,"1
"
самоповреждение,"1
"
дефейсить,"1
"
вс,"1
"
прайс,"1
"
агенство,"1
"
дисконт,"1
"
герлзти,"1
"
суисайда,"1
"
неизлечимый,"1
"
дружить,"1
"
лёгкий,"1
"
короновирус,"1
"
зоофилия,"1
"
рефлексия,"1
"
захотеться,"1
"
отражать,"1
"
буде,"1
"
выдыхать,"1
"
милый,"1
"
матчастить,"1
"
инстинкт,"1
"
донести,"1
"
антропологический,"1
"
привлекательно,"1
"
тат,"1
"
дипломатичный,"1
"
рваться,"1
"
кокус,"1
"
мемориальный,"1
"
шул,"1
"
правокно,"1
"
правозащитный,"1
"
агломерат,"1
"
артпространство,"1
"
мениться,"1
"
наполнение,"1
"
контур,"1
"
узнаваемость,"1
"
утверждаться,"1
"
фракционный,"1
"
устав,"1
"
электронный,"1
"
клинтон,"1
"
кокуса,"1
"
дудак,"1
"
малёк,"1
"
бутылка,"1
"
прогноз,"1
"
диссидент,"1
"
белько,"1
"
родион,"1
"
исследование,"1
"
грозить,"1
"
бернуть,"1
"
ледоруб,"1
"
альпинист,"1
"
достижение,"1
"
вика,"1
"
осиливать,"1
"
раскулачивание,"1
"
наработка,"1
"
антирыночный,"1
"
отд,"1
"
вестись,"1
"
поражаться,"1
"
обы,"1
"
поразительный,"1
"
реализм,"1
"
достигать,"1
"
дип,"1
"
офигеть,"1
"
эконом,"1
"
усан,"1
"
апдейтить,"1
"
секция,"1
"
мыжевамговорить,"1
"
эсквайр,"1
"
деплатформинг,"1
"
майло,"1
"
питерсон,"1
"
платформа,"1
"
запад,"1
"
мотивировочный,"1
"
канадск,"1
"
гарвард,"1
"
выпускник,"1
"
рассмотреть,"1
"
неспособность,"1
"
защитник,"1
"
гадкий,"1
"
чужбина,"1
"
тыл,"1
"
эвакуировать,"1
"
железняк,"1
"
возвращать,"1
"
лизонька,"1
"
страйкболл,"1
"
занятие,"1
"
избив,"1
"
запросить,"1
"
вирус,"1
"
вспышка,"1
"
мол,"1
"
бибись,"1
"
мероп,"1
"
осознавать,"1
"
плечо,"1
"
звезда,"1
"
тратиться,"1
"
проигрышный,"1
"
заведомо,"1
"
загонять,"1
"
манипуляция,"1
"
обман,"1
"
жестокий,"1
"
инджа,"1
"
банкнот,"1
"
гиперинфляция,"1
"
въезд,"1
"
фирма,"1
"
волхв,"1
"
верховный,"1
"
гуманист,"1
"
лечение,"1
"
сексист,"1
"
предсказываться,"1
"
представительство,"1
"
гиппократ,"1
"
биться,"1
"
харрасмент,"1
"
некогда,"1
"
прокомментировать,"1
"
спешить,"1
"
защискать,"1
"
зажать,"1
"
парагра,"1
"
линия,"1
"
интерпретироваться,"1
"
абьюз,"1
"
напеть,"1
"
рассчитать,"1
"
неоказание,"1
"
исполнять,"1
"
верх,"1
"
усугубиться,"1
"
учреждение,"1
"
существуй,"1
"
клиника,"1
"
ориентировать,"1
"
традиционно,"1
"
обслуживание,"1
"
отказать,"1
"
флейм,"1
"
поучительный,"1
"
ирландс,"1
"
нанимать,"1
"
агрес,"1
"
бычок,"1
"
оштрафовать,"1
"
пограничник,"1
"
содержаться,"1
"
слог,"1
"
агрессивно,"1
"
бухать,"1
"
меняйло,"1
"
реш,"1
"
заочно,"1
"
подставлять,"1
"
щека,"1
"
ничег,"1
"
свидетельствовать,"1
"
щ,"1
"
подставление,"1
"
праведность,"1
"
миронов,"1
"
прозреть,"1
"
дегенерат,"1
"
спойлер,"1
"
селебритиза,"1
"
продажный,"1
"
циник,"1
"
кумир,"1
"
крест,"1
"
хахах,"1
"
недосмотр,"1
"
указанный,"1
"
расследо,"1
"
козёл,"1
"
проситсямент,"1
"
блевак,"1
"
вникать,"1
"
подниматься,"1
"
потребовать,"1
"
вторник,"1
"
тимофей,"1
"
наумов,"1
"
тимур,"1
"
титов,"1
"
пятеро,"1
"
призывный,"1
"
